Product page URL,Product name,Brand name,Retailer,Product description,Color,Original price,Sale price,Product image URL,Size availability
https://www.shopbop.com/miremba-kimeze/vp/v=1/1505214815.htm?os=false&breadcrumb=Shop+Women%27s%3EJewelry+%26+Accessories&folderID=13539&colorSin=2056105616&fm=browse-page-web&ref_=SB_PLP_PDP_W_ACCES_13539_NB_100,Miremba Sunglasses,KIMEZE,Shopbop,KIMEZEMiremba Sunglasses,Tan,$415.00,$249.00,https://m.media-amazon.com/images/G/01/Shopbop/p/prod/products/kmeze/kmeze3003811841/kmeze3003811841_1761239173879_2-0._QL90_UX1128_.jpg,One Size
https://www.shopbop.com/coca-necklace-maison-irem/vp/v=1/1510042289.htm?os=false&breadcrumb=Shop+Women%27s%3EJewelry+%26+Accessories&folderID=13539&colorSin=2081001256&fm=browse-page-web&ref_=SB_PLP_PDP_W_ACCES_13539_NB_99,Coca Necklace,Maison Irem,Shopbop,Maison IremCoca Necklace,Pink,$150.00,$90.00,https://m.media-amazon.com/images/G/01/Shopbop/p/prod/products/mirem/mirem3039011de9/mirem3039011de9_1758641953042_2-0._QL90_UX1128_.jpg,One Size
https://www.shopbop.com/volly-acne-studios/vp/v=1/1590540326.htm?os=false&breadcrumb=Shop+Women%27s%3EJewelry+%26+Accessories&folderID=13539&colorSin=2059731472&fm=browse-page-web&ref_=SB_PLP_PDP_W_ACCES_13539_DB_98,Volly Alpaca Scarf,Acne Studios,Shopbop,Acne StudiosVolly Alpaca Scarf,Grey/Light Grey,$420.00,$252.00,https://m.media-amazon.com/images/G/01/Shopbop/p/prod/products/acndb/acndb3244757942/acndb3244757942_1759168097803_2-0._QL90_UX1128_.jpg,One Size
https://www.shopbop.com/loop-earrings-lele-sadoughi/vp/v=1/1553003898.htm?os=false&breadcrumb=Shop+Women%27s%3EJewelry+%26+Accessories&folderID=13539&colorSin=2063767855&fm=browse-page-web&ref_=SB_PLP_PDP_W_ACCES_13539_NB_97,Loop Earrings,Lele Sadoughi,Shopbop,Lele SadoughiLoop Earrings,Pearl 100,$85.00,$51.00,https://m.media-amazon.com/images/G/01/Shopbop/p/prod/products/leles/leles313161f420/leles313161f420_1757356622226_2-0._QL90_UX1128_.jpg,One Size
https://www.shopbop.com/jet-dots-hinged-oval-bracelet/vp/v=1/1504393929.htm?os=false&breadcrumb=Shop+Women%27s%3EJewelry+%26+Accessories&folderID=13539&colorSin=2076105608&fm=browse-page-web&ref_=SB_PLP_PDP_W_ACCES_13539_NB_96,Jet Dots Hinged Oval Bracelet,Kenneth Jay Lane,Shopbop,Kenneth Jay LaneJet Dots Hinged Oval Bracelet,Turquoise/Ruby/Emerald/Pearl,$200.00,$120.00,https://m.media-amazon.com/images/G/01/Shopbop/p/prod/products/kjlan/kjlan415272754f/kjlan415272754f_1759959125507_2-0._QL90_UX1128_.jpg,One Size
https://www.shopbop.com/peppermint-hoop-earrings-baublebar/vp/v=1/1572865191.htm?os=false&breadcrumb=Shop+Women%27s%3EJewelry+%26+Accessories&folderID=13539&colorSin=2097719697&fm=browse-page-web&ref_=SB_PLP_PDP_W_ACCES_13539_NB_95,Peppermint Hoop Earrings,BaubleBar,Shopbop,BaubleBarPeppermint Hoop Earrings,Red Small,$44.00,$26.40,https://m.media-amazon.com/images/G/01/Shopbop/p/prod/products/baubl/baubl30686276f7/baubl30686276f7_1761583036390_2-0._QL90_UX1128_.jpg,One Size
https://www.shopbop.com/organic-buckle-belt-frame/vp/v=1/1509369951.htm?os=false&breadcrumb=Shop+Women%27s%3EJewelry+%26+Accessories&folderID=13539&colorSin=2029138245&fm=browse-page-web&ref_=SB_PLP_PDP_W_ACCES_13539_NB_94,The Organic Buckle Belt,FRAME,Shopbop,FRAMEThe Organic Buckle Belt,Black,$278.00,$166.80,https://m.media-amazon.com/images/G/01/Shopbop/p/prod/products/frame/frame3304322b0d/frame3304322b0d_1756591308238_2-0._QL90_UX1128_.jpg,XS
https://www.shopbop.com/frame-wisdom/vp/v=1/1538695061.htm?os=false&breadcrumb=Shop+Women%27s%3EJewelry+%26+Accessories&folderID=13539&colorSin=2006112895&fm=browse-page-web&ref_=SB_PLP_PDP_W_ACCES_13539_NB_93,Frame 43 Sunglasses,Wisdom,Shopbop,WisdomFrame 43 Sunglasses,Black,$240.00,$144.00,https://m.media-amazon.com/images/G/01/Shopbop/p/prod/products/wisdm/wisdm300251071b/wisdm300251071b_1756406513795_2-0._QL90_UX1128_.jpg,One Size
https://www.shopbop.com/two-toned-rhinestone-emerald-eyes/vp/v=1/1546943018.htm?os=false&breadcrumb=Shop+Women%27s%3EJewelry+%26+Accessories&folderID=13539&colorSin=2060997596&fm=browse-page-web&ref_=SB_PLP_PDP_W_ACCES_13539_NB_92,Two Toned Rhinestone and Emerald Eyes Hedgehog Ring,Kenneth Jay Lane,Shopbop,Kenneth Jay LaneTwo Toned Rhinestone and Emerald Eyes Hedgehog Ring,Gold/Emerald,$112.50,$67.50,https://m.media-amazon.com/images/G/01/Shopbop/p/prod/products/kjlan/kjlan4152421844/kjlan4152421844_1760019559556_2-0._QL90_UX1128_.jpg,One Size
https://www.shopbop.com/botanique-stud-shashi/vp/v=1/1535127081.htm?os=false&breadcrumb=Shop+Women%27s%3EJewelry+%26+Accessories&folderID=13539&colorSin=2008336654&fm=browse-page-web&ref_=SB_PLP_PDP_W_ACCES_13539_NB_91,Botanique Studs,SHASHI,Shopbop,SHASHIBotanique Studs,Gold,$96.00,$57.60,https://m.media-amazon.com/images/G/01/Shopbop/p/prod/products/shash/shash431451c8e8/shash431451c8e8_1737648508274_2-0._QL90_UX1128_.jpg,One Size
https://www.shopbop.com/rock-candy-necklace-elsie-frieda/vp/v=1/1551057241.htm?os=false&breadcrumb=Shop+Women%27s%3EJewelry+%26+Accessories&folderID=13539&colorSin=2005744142&fm=browse-page-web&ref_=SB_PLP_PDP_W_ACCES_13539_NB_90,Rock Candy Necklace,Elsie Frieda,Shopbop,Elsie FriedaRock Candy Necklace,Brightside,$175.00,$105.00,https://m.media-amazon.com/images/G/01/Shopbop/p/prod/products/elsie/elsie3001488718/elsie3001488718_1762211206243_2-0._QL90_UX1128_.jpg,One Size
https://www.shopbop.com/stud-ball-gift-set-gwen/vp/v=1/1538647683.htm?os=false&breadcrumb=Shop+Women%27s%3EJewelry+%26+Accessories&folderID=13539&colorSin=2029962083&fm=browse-page-web&ref_=SB_PLP_PDP_W_ACCES_13539_NB_89,Stud Ball Earrings Gift Set,Gwen Beloti,Shopbop,Gwen BelotiStud Ball Earrings Gift Set,Gold,$175.00,$105.00,https://m.media-amazon.com/images/G/01/Shopbop/p/prod/products/gwenb/gwenb3002011739/gwenb3002011739_1750974670322_2-0._QL90_UX1128_.jpg,One Size
https://www.shopbop.com/baby-audrey-belt-rag-bone/vp/v=1/1542579686.htm?os=false&breadcrumb=Shop+Women%27s%3EJewelry+%26+Accessories&folderID=13539&colorSin=2014956205&fm=browse-page-web&ref_=SB_PLP_PDP_W_ACCES_13539_NB_88,Baby Audrey Belt,rag & bone,Shopbop,rag & boneBaby Audrey Belt,Greigesd,$178.00,$106.80,https://m.media-amazon.com/images/G/01/Shopbop/p/prod/products/ragbo/ragbo473862368a/ragbo473862368a_1734055880131_2-0._QL90_UX1128_.jpg,XS
https://www.shopbop.com/frangi-necklace-maison-irem/vp/v=1/1570200315.htm?os=false&breadcrumb=Shop+Women%27s%3EJewelry+%26+Accessories&folderID=13539&colorSin=2068035050&fm=browse-page-web&ref_=SB_PLP_PDP_W_ACCES_13539_NB_87,Frangi Necklace,Maison Irem,Shopbop,Maison IremFrangi Necklace,Pearls,$190.00,$114.00,https://m.media-amazon.com/images/G/01/Shopbop/p/prod/products/mirem/mirem303921b32e/mirem303921b32e_1758915289476_2-0._QL90_UX1128_.jpg,One Size
https://www.shopbop.com/loulou-earrings-julietta/vp/v=1/1511465624.htm?os=false&breadcrumb=Shop+Women%27s%3EJewelry+%26+Accessories&folderID=13539&colorSin=2098943025&fm=browse-page-web&ref_=SB_PLP_PDP_W_ACCES_13539_NB_86,Loulou Earrings,Julietta,Shopbop,JuliettaLoulou Earrings,Gold,$250.00,$150.00,https://m.media-amazon.com/images/G/01/Shopbop/p/prod/products/julet/julet3001511739/julet3001511739_1756406125772_2-0._QL90_UX1128_.jpg,One Size
https://www.shopbop.com/coquille-necklace-julietta/vp/v=1/1552909244.htm?os=false&breadcrumb=Shop+Women%27s%3EJewelry+%26+Accessories&folderID=13539&colorSin=2047386865&fm=browse-page-web&ref_=SB_PLP_PDP_W_ACCES_13539_NB_85,Coquille Necklace,Julietta,Shopbop,JuliettaCoquille Necklace,Silver,$275.00,$165.00,https://m.media-amazon.com/images/G/01/Shopbop/p/prod/products/julet/julet3003512208/julet3003512208_1762985459852_2-0._QL90_UX1128_.jpg,One Size
https://www.shopbop.com/heart-stripe-pendant-gwen-beloti/vp/v=1/1568182761.htm?os=false&breadcrumb=Shop+Women%27s%3EJewelry+%26+Accessories&folderID=13539&colorSin=2000846245&fm=browse-page-web&ref_=SB_PLP_PDP_W_ACCES_13539_NB_84,Heart Stripe Pendant Necklace,Gwen Beloti,Shopbop,Gwen BelotiHeart Stripe Pendant Necklace,Gold,$150.00,$90.00,https://m.media-amazon.com/images/G/01/Shopbop/p/prod/products/gwenb/gwenb3001811739/gwenb3001811739_1752167346904_2-0._QL90_UX1128_.jpg,One Size
https://www.shopbop.com/power-gemstone-long-beaded-necklace/vp/v=1/1596818197.htm?os=false&breadcrumb=Shop+Women%27s%3EJewelry+%26+Accessories&folderID=13539&colorSin=2092114776&fm=browse-page-web&ref_=SB_PLP_PDP_W_ACCES_13539_NB_83,Power Gemstone Long Beaded Necklace,Gorjana,Shopbop,GorjanaPower Gemstone Long Beaded Necklace,Labradorite/Gold,$90.00,$54.00,https://m.media-amazon.com/images/G/01/Shopbop/p/prod/products/gorja/gorja4262156196/gorja4262156196_1758304661923_2-0._QL90_UX1128_.jpg,One Size
https://www.shopbop.com/kelly-dome-stud-earrings-lelet/vp/v=1/1519205055.htm?os=false&breadcrumb=Shop+Women%27s%3EJewelry+%26+Accessories&folderID=13539&colorSin=2082341999&fm=browse-page-web&ref_=SB_PLP_PDP_W_ACCES_13539_NB_82,Kelly Dome Stud Earrings,LELET NY,Shopbop,LELET NYKelly Dome Stud Earrings,Gold,$128.00,$76.80,https://m.media-amazon.com/images/G/01/Shopbop/p/prod/products/lelet/lelet303571c8e8/lelet303571c8e8_1756304897623_2-0._QL90_UX1128_.jpg,One Size
https://www.shopbop.com/chunky-marl-scarf-vince/vp/v=1/1508340558.htm?os=false&breadcrumb=Shop+Women%27s%3EJewelry+%26+Accessories&folderID=13539&colorSin=2069710895&fm=browse-page-web&ref_=SB_PLP_PDP_W_ACCES_13539_NB_81,Chunky Marl Scarf,Vince,Shopbop,VinceChunky Marl Scarf,Grey,$228.00,$136.80,https://m.media-amazon.com/images/G/01/Shopbop/p/prod/products/vince/vince5310710192/vince5310710192_1760626650082_2-0._QL90_UX1128_.jpg,One Size
https://www.shopbop.com/rail-earrings-rachel-comey/vp/v=1/1545485007.htm?os=false&breadcrumb=Shop+Women%27s%3EJewelry+%26+Accessories&folderID=13539&colorSin=2006327292&fm=browse-page-web&ref_=SB_PLP_PDP_W_ACCES_13539_NB_80,12k Gold Rail Earrings,Rachel Comey,Shopbop,Rachel Comey12k Gold Rail Earrings,Gold,$140.00,$84.00,https://m.media-amazon.com/images/G/01/Shopbop/p/prod/products/rachc/rachc2189411739/rachc2189411739_1762358067015_2-0._QL90_UX1128_.jpg,One Size
https://www.shopbop.com/stacking-ring-lele-sadoughi/vp/v=1/1506917317.htm?os=false&breadcrumb=Shop+Women%27s%3EJewelry+%26+Accessories&folderID=13539&colorSin=2019523144&fm=browse-page-web&ref_=SB_PLP_PDP_W_ACCES_13539_NB_79,Stacking Ring,Lele Sadoughi,Shopbop,Lele SadoughiStacking Ring,Jade Multi,$145.00,$87.00,https://m.media-amazon.com/images/G/01/Shopbop/p/prod/products/leles/leles3132625943/leles3132625943_1764631170409_2-0._QL90_UX1128_.jpg,One Size
https://www.shopbop.com/azur-earring-aureum/vp/v=1/1576450344.htm?os=false&breadcrumb=Shop+Women%27s%3EJewelry+%26+Accessories&folderID=13539&colorSin=2057201666&fm=browse-page-web&ref_=SB_PLP_PDP_W_ACCES_13539_NB_78,Azur Earrings,Aureum,Shopbop,AureumAzur Earrings,Gold,$150.00,$90.00,https://m.media-amazon.com/images/G/01/Shopbop/p/prod/products/aureu/aureu3005511739/aureu3005511739_1755627101695_2-0._QL90_UX1128_.jpg,One Size
https://www.shopbop.com/reedition-vinyl-cap-courrges/vp/v=1/1516525928.htm?os=false&breadcrumb=Shop+Women%27s%3EJewelry+%26+Accessories&folderID=13539&colorSin=2051878917&fm=browse-page-web&ref_=SB_PLP_PDP_W_ACCES_13539_DB_77,Reedition Vinyl Cap,Courrèges,Shopbop,CourrègesReedition Vinyl Cap,Black,$190.00,$114.00,https://m.media-amazon.com/images/G/01/Shopbop/p/prod/products/courr/courr300411071b/courr300411071b_1760542229260_2-0._QL90_UX1128_.jpg,S
https://www.shopbop.com/black-cord-satin-gold-leaf/vp/v=1/1528564964.htm?os=false&breadcrumb=Shop+Women%27s%3EJewelry+%26+Accessories&folderID=13539&colorSin=2087759754&fm=browse-page-web&ref_=SB_PLP_PDP_W_ACCES_13539_NB_76,Cord and Satin Gold Leaf Pendant Necklace,Kenneth Jay Lane,Shopbop,Kenneth Jay LaneCord and Satin Gold Leaf Pendant Necklace,Black/Satin Gold,$150.00,$90.00,https://m.media-amazon.com/images/G/01/Shopbop/p/prod/products/kjlan/kjlan415332755b/kjlan415332755b_1760019556197_2-0._QL90_UX1128_.jpg,One Size
https://www.shopbop.com/onyx-beaded-heart-necklace-mayamar/vp/v=1/1546912690.htm?os=false&breadcrumb=Shop+Women%27s%3EJewelry+%26+Accessories&folderID=13539&colorSin=2072004819&fm=browse-page-web&ref_=SB_PLP_PDP_W_ACCES_13539_NB_75,Onyx Beaded Heart Necklace,MAYAMAR,Shopbop,MAYAMAROnyx Beaded Heart Necklace,ONYX,$169.00,$101.40,https://m.media-amazon.com/images/G/01/Shopbop/p/prod/products/mayam/mayam3003713347/mayam3003713347_1764619769958_2-0._QL90_UX1128_.jpg,One Size
https://www.shopbop.com/deepa-gurnani-katrina-necklace/vp/v=1/1536013371.htm?os=false&breadcrumb=Shop+Women%27s%3EJewelry+%26+Accessories&folderID=13539&colorSin=2045393090&fm=browse-page-web&ref_=SB_PLP_PDP_W_ACCES_13539_NB_74,Deepa by Deepa Gurnani Katrina Necklace,Deepa Gurnani,Shopbop,Deepa GurnaniDeepa by Deepa Gurnani Katrina Necklace,Black,$150.00,$90.00,https://m.media-amazon.com/images/G/01/Shopbop/p/prod/products/deepa/deepa4108322b0d/deepa4108322b0d_1764174121592_2-0._QL90_UX1128_.jpg,One Size
https://www.shopbop.com/polished-gold-bead-necklace-kenneth/vp/v=1/1591539570.htm?os=false&breadcrumb=Shop+Women%27s%3EJewelry+%26+Accessories&folderID=13539&colorSin=2098201248&fm=browse-page-web&ref_=SB_PLP_PDP_W_ACCES_13539_NB_73,Polished Gold Bead Necklace,Kenneth Jay Lane,Shopbop,Kenneth Jay LanePolished Gold Bead Necklace,Polished Gold,$100.00,$60.00,https://m.media-amazon.com/images/G/01/Shopbop/p/prod/products/kjlan/kjlan4151915130/kjlan4151915130_1760550851948_2-0._QL90_UX1128_.jpg,One Size
https://www.shopbop.com/siren-jaw-clip-jennifer-behr/vp/v=1/1518893709.htm?os=false&breadcrumb=Shop+Women%27s%3EJewelry+%26+Accessories&folderID=13539&colorSin=2047352205&fm=browse-page-web&ref_=SB_PLP_PDP_W_ACCES_13539_NB_72,Siren Jaw Clip,Jennifer Behr,Shopbop,Jennifer BehrSiren Jaw Clip,Gold,$125.00,$75.00,https://m.media-amazon.com/images/G/01/Shopbop/p/prod/products/jbehr/jbehr3083411739/jbehr3083411739_1745873043293_2-0._QL90_UX1128_.jpg,One Size
https://www.shopbop.com/colbi-earrings-eliou/vp/v=1/1579561479.htm?os=false&breadcrumb=Shop+Women%27s%3EJewelry+%26+Accessories&folderID=13539&colorSin=2000237115&fm=browse-page-web&ref_=SB_PLP_PDP_W_ACCES_13539_NB_71,Colbi Earrings,éliou,Shopbop,éliouColbi Earrings,Gold Plated,$250.00,$150.00,https://m.media-amazon.com/images/G/01/Shopbop/p/prod/products/eliou/eliou3026716ddb/eliou3026716ddb_1759944946674_2-0._QL90_UX1128_.jpg,One Size
https://www.shopbop.com/miremba-kimeze/vp/v=1/1579735156.htm?os=false&breadcrumb=Shop+Women%27s%3EJewelry+%26+Accessories&folderID=13539&colorSin=2070567337&fm=browse-page-web&ref_=SB_PLP_PDP_W_ACCES_13539_NB_70,Miremba Sunglasses,KIMEZE,Shopbop,KIMEZEMiremba Sunglasses,Havana,$415.00,$249.00,https://m.media-amazon.com/images/G/01/Shopbop/p/prod/products/kmeze/kmeze3003710f41/kmeze3003710f41_1761146098338_2-0._QL90_UX1128_.jpg,One Size
https://www.shopbop.com/onyx-rectangle-bold-pendant-necklace/vp/v=1/1540192802.htm?os=false&breadcrumb=Shop+Women%27s%3EJewelry+%26+Accessories&folderID=13539&colorSin=2004597130&fm=browse-page-web&ref_=SB_PLP_PDP_W_ACCES_13539_NB_69,Onyx Rectangle Bold Pendant Necklace,MAYAMAR,Shopbop,MAYAMAROnyx Rectangle Bold Pendant Necklace,ONYX,$160.00,$96.00,https://m.media-amazon.com/images/G/01/Shopbop/p/prod/products/mayam/mayam3003813347/mayam3003813347_1764631411980_2-0._QL90_UX1128_.jpg,One Size
https://www.shopbop.com/soft-ruffle-metallic-socks-stems/vp/v=1/1513696919.htm?os=false&breadcrumb=Shop+Women%27s%3EJewelry+%26+Accessories&folderID=13539&colorSin=2014337956&fm=browse-page-web&ref_=SB_PLP_PDP_W_ACCES_13539_EP_68,Soft Ruffle Metallic Socks,Stems,Shopbop,StemsSoft Ruffle Metallic Socks,Copper,$22.00,$13.20,https://m.media-amazon.com/images/G/01/Shopbop/p/prod/products/stems/stems3015510487/stems3015510487_1731679362720_2-0._QL90_UX1128_.jpg,One Size
https://www.shopbop.com/abby-bracelet-isabel-marant/vp/v=1/1512904079.htm?os=false&breadcrumb=Shop+Women%27s%3EJewelry+%26+Accessories&folderID=13539&colorSin=2021910482&fm=browse-page-web&ref_=SB_PLP_PDP_W_ACCES_13539_DB_67,Bracelet,Isabel Marant,Shopbop,Isabel MarantBracelet,Silver,$370.00,$222.00,https://m.media-amazon.com/images/G/01/Shopbop/p/prod/products/ismdb/ismdb3233812208/ismdb3233812208_1757367316800_2-0._QL90_UX1128_.jpg,One Size
https://www.shopbop.com/rock-candy-bracelet-elsie-frieda/vp/v=1/1580211441.htm?os=false&breadcrumb=Shop+Women%27s%3EJewelry+%26+Accessories&folderID=13539&colorSin=2077377573&fm=browse-page-web&ref_=SB_PLP_PDP_W_ACCES_13539_NB_66,Rock Candy Bracelet Set of 3,Elsie Frieda,Shopbop,Elsie FriedaRock Candy Bracelet Set of 3,Blue Lagoon,$165.00,$99.00,https://m.media-amazon.com/images/G/01/Shopbop/p/prod/products/elsie/elsie3001712102/elsie3001712102_1762276086507_2-0._QL90_UX1128_.jpg,One Size
https://www.shopbop.com/inez-satin-headband-sea/vp/v=1/1559826509.htm?os=false&breadcrumb=Shop+Women%27s%3EJewelry+%26+Accessories&folderID=13539&colorSin=2003679097&fm=browse-page-web&ref_=SB_PLP_PDP_W_ACCES_13539_NB_65,Inez Satin Headband,Sea,Shopbop,SeaInez Satin Headband,Black,$95.00,$57.00,https://m.media-amazon.com/images/G/01/Shopbop/p/prod/products/seaaa/seaaa225161071b/seaaa225161071b_1761589180045_2-0._QL90_UX1128_.jpg,One Size
https://www.shopbop.com/suede-danier-belt-jenni-kayne/vp/v=1/1536580626.htm?os=false&breadcrumb=Shop+Women%27s%3EJewelry+%26+Accessories&folderID=13539&colorSin=2042764236&fm=browse-page-web&ref_=SB_PLP_PDP_W_ACCES_13539_NB_64,Suede Danier Belt,Jenni Kayne,Shopbop,Jenni KayneSuede Danier Belt,Brown,$365.00,$219.00,https://m.media-amazon.com/images/G/01/Shopbop/p/prod/products/jkayn/jkayn3035011409/jkayn3035011409_1757949409794_2-0._QL90_UX1128_.jpg,XS
https://www.shopbop.com/spoon-earrings-annika-inez/vp/v=1/1511375308.htm?os=false&breadcrumb=Shop+Women%27s%3EJewelry+%26+Accessories&folderID=13539&colorSin=2092424773&fm=browse-page-web&ref_=SB_PLP_PDP_W_ACCES_13539_NB_63,Spoon Earrings,Annika Inez,Shopbop,Annika InezSpoon Earrings,Gold,$375.00,$225.00,https://m.media-amazon.com/images/G/01/Shopbop/p/prod/products/annik/annik30039129b4/annik30039129b4_1761937734389_2-0._QL90_UX1128_.jpg,One Size
https://www.shopbop.com/rectangle-drop-earrings-elsie-frieda/vp/v=1/1504107914.htm?os=false&breadcrumb=Shop+Women%27s%3EJewelry+%26+Accessories&folderID=13539&colorSin=2027117951&fm=browse-page-web&ref_=SB_PLP_PDP_W_ACCES_13539_NB_62,Rectangle Drop Earrings,Elsie Frieda,Shopbop,Elsie FriedaRectangle Drop Earrings,Caribbean Sea,$215.00,$129.00,https://m.media-amazon.com/images/G/01/Shopbop/p/prod/products/elsie/elsie3001827dd5/elsie3001827dd5_1762534475063_2-0._QL90_UX1128_.jpg,One Size
https://www.shopbop.com/chunky-chain-link-toggle-bracelet/vp/v=1/1533711386.htm?os=false&breadcrumb=Shop+Women%27s%3EJewelry+%26+Accessories&folderID=13539&colorSin=2065053725&fm=browse-page-web&ref_=SB_PLP_PDP_W_ACCES_13539_NB_61,Chunky Chain Link Toggle Bracelet,By Adina Eden,Shopbop,By Adina EdenChunky Chain Link Toggle Bracelet,Gold,$78.00,$46.80,https://m.media-amazon.com/images/G/01/Shopbop/p/prod/products/adije/adije3065911739/adije3065911739_1757015450463_2-0._QL90_UX1128_.jpg,One Size
https://www.shopbop.com/miremba-kimeze/vp/v=1/1527090421.htm?os=false&breadcrumb=Shop+Women%27s%3EJewelry+%26+Accessories&folderID=13539&colorSin=2030457224&fm=browse-page-web&ref_=SB_PLP_PDP_W_ACCES_13539_NB_60,Miremba Sunglasses,KIMEZE,Shopbop,KIMEZEMiremba Sunglasses,Dark Gold,$415.00,$249.00,https://m.media-amazon.com/images/G/01/Shopbop/p/prod/products/kmeze/kmeze3003616173/kmeze3003616173_1760543112664_2-0._QL90_UX1128_.jpg,One Size
https://www.shopbop.com/morgan-2531821-luv-lou/vp/v=1/1578682709.htm?os=false&breadcrumb=Shop+Women%27s%3EJewelry+%26+Accessories&folderID=13539&colorSin=2019929610&fm=browse-page-web&ref_=SB_PLP_PDP_W_ACCES_13539_NB_59,The Morgan Sunglasses,Luv Lou,Shopbop,Luv LouThe Morgan Sunglasses,Cream Tort,$180.00,$108.00,https://m.media-amazon.com/images/G/01/Shopbop/p/prod/products/luvlo/luvlo3002226e3d/luvlo3002226e3d_1759331250939_2-0._QL90_UX1128_.jpg,One Size
https://www.shopbop.com/jacqueline-necklace-brinker-eliza/vp/v=1/1542367606.htm?os=false&breadcrumb=Shop+Women%27s%3EJewelry+%26+Accessories&folderID=13539&colorSin=2028228336&fm=browse-page-web&ref_=SB_PLP_PDP_W_ACCES_13539_NB_58,Jacqueline Necklace,Brinker + Eliza,Shopbop,Brinker + ElizaJacqueline Necklace,Pearl,$198.00,$118.80,https://m.media-amazon.com/images/G/01/Shopbop/p/prod/products/beliz/beliz3045134595/beliz3045134595_1763135817415_2-0._QL90_UX1128_.jpg,One Size
https://www.shopbop.com/deepa-gurnani-jemena-earrings/vp/v=1/1551694677.htm?os=false&breadcrumb=Shop+Women%27s%3EJewelry+%26+Accessories&folderID=13539&colorSin=2074792567&fm=browse-page-web&ref_=SB_PLP_PDP_W_ACCES_13539_NB_57,Deepa by Deepa Gurnani Jemena Earrings,Deepa Gurnani,Shopbop,Deepa GurnaniDeepa by Deepa Gurnani Jemena Earrings,Ruby,$80.00,$48.00,https://m.media-amazon.com/images/G/01/Shopbop/p/prod/products/deepa/deepa4106212623/deepa4106212623_1758737328525_2-0._QL90_UX1128_.jpg,One Size
https://www.shopbop.com/flower-meets-pearl-necklace-roxanne/vp/v=1/1518042366.htm?os=false&breadcrumb=Shop+Women%27s%3EJewelry+%26+Accessories&folderID=13539&colorSin=2079865502&fm=browse-page-web&ref_=SB_PLP_PDP_W_ACCES_13539_NB_56,The Flower Meets The Pearl Necklace,Roxanne Assoulin,Shopbop,Roxanne AssoulinThe Flower Meets The Pearl Necklace,Shiny Gold,$135.00,$81.00,https://m.media-amazon.com/images/G/01/Shopbop/p/prod/products/rasso/rasso3055616080/rasso3055616080_1758205378256_2-0._QL90_UX1128_.jpg,One Size
https://www.shopbop.com/sari-metal-strass-gas-bijoux/vp/v=1/1528196439.htm?os=false&breadcrumb=Shop+Women%27s%3EJewelry+%26+Accessories&folderID=13539&colorSin=2038181919&fm=browse-page-web&ref_=SB_PLP_PDP_W_ACCES_13539_NB_55,Br Sari Metal Strass O Bracelet,GAS Bijoux,Shopbop,GAS BijouxBr Sari Metal Strass O Bracelet,Gold,$195.00,$117.00,https://m.media-amazon.com/images/G/01/Shopbop/p/prod/products/gasbi/gasbi3042011739/gasbi3042011739_1758816742329_2-0._QL90_UX1128_.jpg,One Size
https://www.shopbop.com/geneve-necklace-julietta/vp/v=1/1550971445.htm?os=false&breadcrumb=Shop+Women%27s%3EJewelry+%26+Accessories&folderID=13539&colorSin=2094371482&fm=browse-page-web&ref_=SB_PLP_PDP_W_ACCES_13539_NB_54,Geneve Necklace,Julietta,Shopbop,JuliettaGeneve Necklace,Navy,$237.00,$142.20,https://m.media-amazon.com/images/G/01/Shopbop/p/prod/products/julet/julet30018124bd/julet30018124bd_1757021384609_2-0._QL90_UX1128_.jpg,One Size
https://www.shopbop.com/gold-textured-hoop-pierced-earring/vp/v=1/1548970081.htm?os=false&breadcrumb=Shop+Women%27s%3EJewelry+%26+Accessories&folderID=13539&colorSin=2078993101&fm=browse-page-web&ref_=SB_PLP_PDP_W_ACCES_13539_NB_53,Gold Textured Hoop Pierced Earrings,Kenneth Jay Lane,Shopbop,Kenneth Jay LaneGold Textured Hoop Pierced Earrings,Polished Gold,$85.00,$51.00,https://m.media-amazon.com/images/G/01/Shopbop/p/prod/products/kjlan/kjlan4151615130/kjlan4151615130_1759352986610_2-0._QL90_UX1128_.jpg,One Size
https://www.shopbop.com/lou-drop-earrings-gorjana/vp/v=1/1502943601.htm?os=false&breadcrumb=Shop+Women%27s%3EJewelry+%26+Accessories&folderID=13539&colorSin=2082121693&fm=browse-page-web&ref_=SB_PLP_PDP_W_ACCES_13539_NB_52,Lou Drop Earrings,Gorjana,Shopbop,GorjanaLou Drop Earrings,Gold,$98.00,$58.80,https://m.media-amazon.com/images/G/01/Shopbop/p/prod/products/gorja/gorja426151c8e8/gorja426151c8e8_1757619041301_2-0._QL90_UX1128_.jpg,One Size
https://www.shopbop.com/small-heart-necklace-annika-inez/vp/v=1/1562282467.htm?os=false&breadcrumb=Shop+Women%27s%3EJewelry+%26+Accessories&folderID=13539&colorSin=2006378122&fm=browse-page-web&ref_=SB_PLP_PDP_W_ACCES_13539_NB_51,Small Heart Necklace,Annika Inez,Shopbop,Annika InezSmall Heart Necklace,Gold/Red String,$175.00,$105.00,https://m.media-amazon.com/images/G/01/Shopbop/p/prod/products/annik/annik30035275d1/annik30035275d1_1760543104270_2-0._QL90_UX1128_.jpg,One Size
https://www.shopbop.com/nowhere-license-plate-charm-abbode/vp/v=1/1558689037.htm?os=false&breadcrumb=Shop+Women%27s%3EJewelry+%26+Accessories&folderID=13539&colorSin=2003743403&fm=browse-page-web&ref_=SB_PLP_PDP_W_ACCES_13539_NB_50,NY or Nowhere License Plate Charm,Abbode,Shopbop,AbbodeNY or Nowhere License Plate Charm,White,$46.00,$27.60,https://m.media-amazon.com/images/G/01/Shopbop/p/prod/products/abods/abods30012102ca/abods30012102ca_1759939519438_2-0._QL90_UX1128_.jpg,One Size
https://www.shopbop.com/pearl-play-necklace-elsie-frieda/vp/v=1/1501297309.htm?os=false&breadcrumb=Shop+Women%27s%3EJewelry+%26+Accessories&folderID=13539&colorSin=2063130794&fm=browse-page-web&ref_=SB_PLP_PDP_W_ACCES_13539_NB_49,Pearl Play Necklace,Elsie Frieda,Shopbop,Elsie FriedaPearl Play Necklace,Tutti Frutti,$145.00,$87.00,https://m.media-amazon.com/images/G/01/Shopbop/p/prod/products/elsie/elsie3001512737/elsie3001512737_1762277382259_2-0._QL90_UX1128_.jpg,One Size
https://www.shopbop.com/necklace-dreams-maison-irem/vp/v=1/1561976437.htm?os=false&breadcrumb=Shop+Women%27s%3EJewelry+%26+Accessories&folderID=13539&colorSin=2050036344&fm=browse-page-web&ref_=SB_PLP_PDP_W_ACCES_13539_NB_48,Dreams Necklace,Maison Irem,Shopbop,Maison IremDreams Necklace,Red,$180.00,$108.00,https://m.media-amazon.com/images/G/01/Shopbop/p/prod/products/mirem/mirem30382102d9/mirem30382102d9_1758734214741_2-0._QL90_UX1128_.jpg,One Size
https://www.shopbop.com/nash-stiffened-wool-fedora-janessa/vp/v=1/1531434762.htm?os=false&breadcrumb=Shop+Women%27s%3EJewelry+%26+Accessories&folderID=13539&colorSin=2038768952&fm=browse-page-web&ref_=SB_PLP_PDP_W_ACCES_13539_NB_47,Nash Stiffened Wool Fedora,Janessa Leone,Shopbop,Janessa LeoneNash Stiffened Wool Fedora,Camel,$337.00,$202.20,https://m.media-amazon.com/images/G/01/Shopbop/p/prod/products/janes/janes3030012408/janes3030012408_1757532094003_2-0._QL90_UX1128_.jpg,S
https://www.shopbop.com/turquoise-beaded-heart-necklace-mayamar/vp/v=1/1527265566.htm?os=false&breadcrumb=Shop+Women%27s%3EJewelry+%26+Accessories&folderID=13539&colorSin=2069239919&fm=browse-page-web&ref_=SB_PLP_PDP_W_ACCES_13539_NB_46,Turquoise Beaded Heart Necklace,MAYAMAR,Shopbop,MAYAMARTurquoise Beaded Heart Necklace,Turquoise,$128.00,$76.80,https://m.media-amazon.com/images/G/01/Shopbop/p/prod/products/mayam/mayam300411272d/mayam300411272d_1764634655116_2-0._QL90_UX1128_.jpg,One Size
https://www.shopbop.com/diana-triple-row-bracelet-lele/vp/v=1/1592746040.htm?os=false&breadcrumb=Shop+Women%27s%3EJewelry+%26+Accessories&folderID=13539&colorSin=2079335979&fm=browse-page-web&ref_=SB_PLP_PDP_W_ACCES_13539_NB_45,Diana Triple Row Bracelet,Lele Sadoughi,Shopbop,Lele SadoughiDiana Triple Row Bracelet,Gold,$225.00,$135.00,https://m.media-amazon.com/images/G/01/Shopbop/p/prod/products/leles/leles313251c8e8/leles313251c8e8_1764631167864_2-0._QL90_UX1128_.jpg,One Size
https://www.shopbop.com/california-dreamin-license-plate-charm/vp/v=1/1566291244.htm?os=false&breadcrumb=Shop+Women%27s%3EJewelry+%26+Accessories&folderID=13539&colorSin=2021306733&fm=browse-page-web&ref_=SB_PLP_PDP_W_ACCES_13539_NB_44,California Dreamin' License Plate Charm,Abbode,Shopbop,AbbodeCalifornia Dreamin' License Plate Charm,Pink,$46.00,$27.60,https://m.media-amazon.com/images/G/01/Shopbop/p/prod/products/abods/abods3001111de9/abods3001111de9_1759939509365_2-0._QL90_UX1128_.jpg,One Size
https://www.shopbop.com/naplack-15mm-belt-courreges/vp/v=1/1524558090.htm?os=false&breadcrumb=Shop+Women%27s%3EJewelry+%26+Accessories&folderID=13539&colorSin=2064066183&fm=browse-page-web&ref_=SB_PLP_PDP_W_ACCES_13539_DB_43,AC Naplack 15mm Belt,Courrèges,Shopbop,CourrègesAC Naplack 15mm Belt,Black,$390.00,$234.00,https://m.media-amazon.com/images/G/01/Shopbop/p/prod/products/courr/courr300351071b/courr300351071b_1758915208685_2-0._QL90_UX1128_.jpg,70
https://www.shopbop.com/anya-mixed-metal-marble-pony/vp/v=1/1568229195.htm?os=false&breadcrumb=Shop+Women%27s%3EJewelry+%26+Accessories&folderID=13539&colorSin=2021733483&fm=browse-page-web&ref_=SB_PLP_PDP_W_ACCES_13539_NB_42,Anya Mixed Metal Marble Pony Cuff,LELET NY,Shopbop,LELET NYAnya Mixed Metal Marble Pony Cuff,Olive,$148.00,$88.80,https://m.media-amazon.com/images/G/01/Shopbop/p/prod/products/lelet/lelet3038811196/lelet3038811196_1762277772722_2-0._QL90_UX1128_.jpg,One Size
https://www.shopbop.com/enamel-initial-necklaces-mayamar/vp/v=1/1535449870.htm?os=false&breadcrumb=Shop+Women%27s%3EJewelry+%26+Accessories&folderID=13539&colorSin=2037837233&fm=browse-page-web&ref_=SB_PLP_PDP_W_ACCES_13539_NB_41,Enamel Initial Necklaces,MAYAMAR,Shopbop,MAYAMAREnamel Initial Necklaces,D,$128.00,$64.00,https://m.media-amazon.com/images/G/01/Shopbop/p/prod/products/mayam/mayam3003613345/mayam3003613345_1757968814206_2-0._QL90_UX1128_.jpg,One Size
https://www.shopbop.com/rhey-clear-heaven-mayhem/vp/v=1/1559548335.htm?os=false&breadcrumb=Shop+Women%27s%3EJewelry+%26+Accessories&folderID=13539&colorSin=2033897175&fm=browse-page-web&ref_=SB_PLP_PDP_W_ACCES_13539_NB_40,Rhey Clear Glasses,Heaven Mayhem,Shopbop,Heaven MayhemRhey Clear Glasses,BLACK & CLEAR,$160.00,$96.00,https://m.media-amazon.com/images/G/01/Shopbop/p/prod/products/heavn/heavn3010323c2c/heavn3010323c2c_1759518651546_2-0._QL90_UX1128_.jpg,One Size
https://www.shopbop.com/mary-necklace-li-studio/vp/v=1/1518584308.htm?os=false&breadcrumb=Shop+Women%27s%3EJewelry+%26+Accessories&folderID=13539&colorSin=2007243982&fm=browse-page-web&ref_=SB_PLP_PDP_W_ACCES_13539_NB_39,The Mary Necklace,LIÉ STUDIO,Shopbop,LIÉ STUDIOThe Mary Necklace,Beige Topaz,$300.00,$180.00,https://m.media-amazon.com/images/G/01/Shopbop/p/prod/products/liest/liest300632731b/liest300632731b_1763744601803_2-0._QL90_UX1128_.jpg,One Size
https://www.shopbop.com/camila-necklace-gorjana/vp/v=1/1503939051.htm?os=false&breadcrumb=Shop+Women%27s%3EJewelry+%26+Accessories&folderID=13539&colorSin=2046217788&fm=browse-page-web&ref_=SB_PLP_PDP_W_ACCES_13539_NB_38,Camila Necklace,Gorjana,Shopbop,GorjanaCamila Necklace,Gold,$88.00,$52.80,https://m.media-amazon.com/images/G/01/Shopbop/p/prod/products/gorja/gorja426241c8e8/gorja426241c8e8_1757619120366_2-0._QL90_UX1128_.jpg,One Size
https://www.shopbop.com/semi-western-belt-andersons/vp/v=1/1517615072.htm?os=false&breadcrumb=Shop+Women%27s%3EJewelry+%26+Accessories&folderID=13539&colorSin=2029498532&fm=browse-page-web&ref_=SB_PLP_PDP_W_ACCES_13539_NB_37,Semi Western Belt,Anderson's,Shopbop,Anderson'sSemi Western Belt,Brown,$230.00,$138.00,https://m.media-amazon.com/images/G/01/Shopbop/p/prod/products/ander/ander3010111409/ander3010111409_1755619221179_2-0._QL90_UX1128_.jpg,70
https://www.shopbop.com/auden-draped-bow-hair-clip/vp/v=1/1512779031.htm?os=false&breadcrumb=Shop+Women%27s%3EJewelry+%26+Accessories&folderID=13539&colorSin=2094763483&fm=browse-page-web&ref_=SB_PLP_PDP_W_ACCES_13539_NB_36,Auden Draped Bow Hair Clip,Loeffler Randall,Shopbop,Loeffler RandallAuden Draped Bow Hair Clip,Black,$75.00,$45.00,https://m.media-amazon.com/images/G/01/Shopbop/p/prod/products/loeff/loeff4250822b0d/loeff4250822b0d_1762384218461_2-0._QL90_UX1128_.jpg,One Size
https://www.shopbop.com/cheers-charm-abbode/vp/v=1/1568198612.htm?os=false&breadcrumb=Shop+Women%27s%3EJewelry+%26+Accessories&folderID=13539&colorSin=2092180564&fm=browse-page-web&ref_=SB_PLP_PDP_W_ACCES_13539_NB_35,Cheers! Charm,Abbode,Shopbop,AbbodeCheers! Charm,White,$46.00,$27.60,https://m.media-amazon.com/images/G/01/Shopbop/p/prod/products/abods/abods30013102ca/abods30013102ca_1759939500762_2-0._QL90_UX1128_.jpg,One Size
https://www.shopbop.com/lucky-mini-charm-necklace-gorjana/vp/v=1/1556203980.htm?os=false&breadcrumb=Shop+Women%27s%3EJewelry+%26+Accessories&folderID=13539&colorSin=2006034528&fm=browse-page-web&ref_=SB_PLP_PDP_W_ACCES_13539_NB_34,Lucky Mini Charm Necklace,Gorjana,Shopbop,GorjanaLucky Mini Charm Necklace,Gold,$90.00,$54.00,https://m.media-amazon.com/images/G/01/Shopbop/p/prod/products/gorja/gorja426191c8e8/gorja426191c8e8_1757607052492_2-0._QL90_UX1128_.jpg,One Size
https://www.shopbop.com/harbor-bracelet-set-gorjana/vp/v=1/1500283051.htm?os=false&breadcrumb=Shop+Women%27s%3EJewelry+%26+Accessories&folderID=13539&colorSin=2060973584&fm=browse-page-web&ref_=SB_PLP_PDP_W_ACCES_13539_NB_33,Harbor Bracelet Set,Gorjana,Shopbop,GorjanaHarbor Bracelet Set,Mother of Pearl,$58.00,$34.80,https://m.media-amazon.com/images/G/01/Shopbop/p/prod/products/gorja/gorja4261811069/gorja4261811069_1758304655956_2-0._QL90_UX1128_.jpg,One Size
https://www.shopbop.com/small-heart-necklace-annika-inez/vp/v=1/1567620575.htm?os=false&breadcrumb=Shop+Women%27s%3EJewelry+%26+Accessories&folderID=13539&colorSin=2057471140&fm=browse-page-web&ref_=SB_PLP_PDP_W_ACCES_13539_NB_32,Small Heart Necklace,Annika Inez,Shopbop,Annika InezSmall Heart Necklace,Silver,$145.00,$87.00,https://m.media-amazon.com/images/G/01/Shopbop/p/prod/products/annik/annik3003412208/annik3003412208_1760540208717_2-0._QL90_UX1128_.jpg,One Size
https://www.shopbop.com/skinny-double-fastener-leather-belt/vp/v=1/1520502827.htm?os=false&breadcrumb=Shop+Women%27s%3EJewelry+%26+Accessories&folderID=13539&colorSin=2077922940&fm=browse-page-web&ref_=SB_PLP_PDP_W_ACCES_13539_NB_31,Skinny Double Fastener Leather Belt,Anderson's,Shopbop,Anderson'sSkinny Double Fastener Leather Belt,Tan,$205.00,$123.00,https://m.media-amazon.com/images/G/01/Shopbop/p/prod/products/ander/ander3010211841/ander3010211841_1755619070131_2-0._QL90_UX1128_.jpg,70
https://www.shopbop.com/alaya-earring-cult-gaia/vp/v=1/1595800802.htm?os=false&breadcrumb=Shop+Women%27s%3EJewelry+%26+Accessories&folderID=13539&colorSin=2010168399&fm=browse-page-web&ref_=SB_PLP_PDP_W_ACCES_13539_NB_30,Alaya Earrings,Cult Gaia,Shopbop,Cult GaiaAlaya Earrings,Rose Water,$258.00,$154.80,https://m.media-amazon.com/images/G/01/Shopbop/p/prod/products/cultg/cultg3155023349/cultg3155023349_1764013990154_2-0._QL90_UX1128_.jpg,One Size
https://www.shopbop.com/blair-bracelet-baublebar/vp/v=1/1544212272.htm?os=false&breadcrumb=Shop+Women%27s%3EJewelry+%26+Accessories&folderID=13539&colorSin=2009665195&fm=browse-page-web&ref_=SB_PLP_PDP_W_ACCES_13539_NB_29,Blair Bracelet,BaubleBar,Shopbop,BaubleBarBlair Bracelet,Clear,$48.00,$28.80,https://m.media-amazon.com/images/G/01/Shopbop/p/prod/products/baubl/baubl3069711456/baubl3069711456_1761757411363_2-0._QL90_UX1128_.jpg,One Size
https://www.shopbop.com/meg-necklace-brinker-eliza/vp/v=1/1575030651.htm?os=false&breadcrumb=Shop+Women%27s%3EJewelry+%26+Accessories&folderID=13539&colorSin=2082218476&fm=browse-page-web&ref_=SB_PLP_PDP_W_ACCES_13539_NB_28,Meg Necklace,Brinker + Eliza,Shopbop,Brinker + ElizaMeg Necklace,Kyanite/Aquamarine,$248.00,$148.80,https://m.media-amazon.com/images/G/01/Shopbop/p/prod/products/beliz/beliz3046027c47/beliz3046027c47_1763135815011_2-0._QL90_UX1128_.jpg,One Size
https://www.shopbop.com/onyx-rectangle-bold-earring-mayamar/vp/v=1/1573487085.htm?os=false&breadcrumb=Shop+Women%27s%3EJewelry+%26+Accessories&folderID=13539&colorSin=2006915571&fm=browse-page-web&ref_=SB_PLP_PDP_W_ACCES_13539_NB_27,Onyx Rectangle Bold Earrings,MAYAMAR,Shopbop,MAYAMAROnyx Rectangle Bold Earrings,ONYX,$190.00,$114.00,https://m.media-amazon.com/images/G/01/Shopbop/p/prod/products/mayam/mayam3004313347/mayam3004313347_1764619776824_2-0._QL90_UX1128_.jpg,One Size
https://www.shopbop.com/kiko-janessa-leone/vp/v=1/1544545536.htm?os=false&breadcrumb=Shop+Women%27s%3EJewelry+%26+Accessories&folderID=13539&colorSin=2073738604&fm=browse-page-web&ref_=SB_PLP_PDP_W_ACCES_13539_NB_26,Kiko Hat,Janessa Leone,Shopbop,Janessa LeoneKiko Hat,Dark Olive,$287.00,$172.20,https://m.media-amazon.com/images/G/01/Shopbop/p/prod/products/janes/janes3029812977/janes3029812977_1760386451375_2-0._QL90_UX1128_.jpg,S
https://www.shopbop.com/kyra-b-low-belt/vp/v=1/1514254785.htm?os=false&breadcrumb=Shop+Women%27s%3EJewelry+%26+Accessories&folderID=13539&colorSin=2009587842&fm=browse-page-web&ref_=SB_PLP_PDP_W_ACCES_13539_NB_25,Kyra Belt,B-Low The Belt,Shopbop,B-Low The BeltKyra Belt,Midnight/Gold,$156.00,$93.60,https://m.media-amazon.com/images/G/01/Shopbop/p/prod/products/bloww/bloww4062314582/bloww4062314582_1759252574132_2-0._QL90_UX1128_.jpg,XS
https://www.shopbop.com/onyx-shell-necklace-mayamar/vp/v=1/1524956808.htm?os=false&breadcrumb=Shop+Women%27s%3EJewelry+%26+Accessories&folderID=13539&colorSin=2053615892&fm=browse-page-web&ref_=SB_PLP_PDP_W_ACCES_13539_NB_24,Onyx Shell Necklace,MAYAMAR,Shopbop,MAYAMAROnyx Shell Necklace,ONYX,$130.00,$78.00,https://m.media-amazon.com/images/G/01/Shopbop/p/prod/products/mayam/mayam3005513347/mayam3005513347_1764634657455_2-0._QL90_UX1128_.jpg,One Size
https://www.shopbop.com/ersa-necklace-jennifer-behr/vp/v=1/1504878225.htm?os=false&breadcrumb=Shop+Women%27s%3EJewelry+%26+Accessories&folderID=13539&colorSin=2062113889&fm=browse-page-web&ref_=SB_PLP_PDP_W_ACCES_13539_NB_23,Ersa Necklace,Jennifer Behr,Shopbop,Jennifer BehrErsa Necklace,Amazonite,$225.00,$135.00,https://m.media-amazon.com/images/G/01/Shopbop/p/prod/products/jbehr/jbehr3086751680/jbehr3086751680_1763408421648_2-0._QL90_UX1128_.jpg,One Size
https://www.shopbop.com/double-stone-pierced-earring-kenneth/vp/v=1/1512903379.htm?os=false&breadcrumb=Shop+Women%27s%3EJewelry+%26+Accessories&folderID=13539&colorSin=2063678386&fm=browse-page-web&ref_=SB_PLP_PDP_W_ACCES_13539_NB_22,Double Stone Earrings,Kenneth Jay Lane,Shopbop,Kenneth Jay LaneDouble Stone Earrings,Amethyst/Pearl,$75.00,$45.00,https://m.media-amazon.com/images/G/01/Shopbop/p/prod/products/kjlan/kjlan415312754d/kjlan415312754d_1759937128590_2-0._QL90_UX1128_.jpg,One Size
https://www.shopbop.com/pack-socks-adidas-x-wales/vp/v=1/1570755261.htm?os=false&breadcrumb=Shop+Women%27s%3EJewelry+%26+Accessories&folderID=13539&colorSin=2048247269&fm=browse-page-web&ref_=SB_PLP_PDP_W_ACCES_13539_NB_21,Adidas x Wales Bonner 2 Pack Socks,Adidas x Wales Bonner,Shopbop,Adidas x Wales BonnerAdidas x Wales Bonner 2 Pack Socks,Chalk White/Night Navy,$80.00,$48.00,https://m.media-amazon.com/images/G/01/Shopbop/p/prod/products/awbon/awbon30021283bc/awbon30021283bc_1760474281612_2-0._QL90_UX1128_.jpg,XS
https://www.shopbop.com/venus-check-1996-rws-acne/vp/v=1/1506998692.htm?os=false&breadcrumb=Shop+Women%27s%3EJewelry+%26+Accessories&folderID=13539&colorSin=2058834255&fm=browse-page-web&ref_=SB_PLP_PDP_W_ACCES_13539_DB_20,Venus Check 1996 Rws Scarf,Acne Studios,Shopbop,Acne StudiosVenus Check 1996 Rws Scarf,Pink/Fuchsia,$390.00,$234.00,https://m.media-amazon.com/images/G/01/Shopbop/p/prod/products/acndb/acndb3244925c5d/acndb3244925c5d_1759785213175_2-0._QL90_UX1128_.jpg,One Size
https://www.shopbop.com/newport-drop-earrings-gorjana/vp/v=1/1539963930.htm?os=false&breadcrumb=Shop+Women%27s%3EJewelry+%26+Accessories&folderID=13539&colorSin=2071823121&fm=browse-page-web&ref_=SB_PLP_PDP_W_ACCES_13539_NB_19,Newport Drop Earrings,Gorjana,Shopbop,GorjanaNewport Drop Earrings,Gold,$95.00,$57.00,https://m.media-amazon.com/images/G/01/Shopbop/p/prod/products/gorja/gorja426281c8e8/gorja426281c8e8_1757608365204_2-0._QL90_UX1128_.jpg,One Size
https://www.shopbop.com/western-mini-charm-necklace-gorjana/vp/v=1/1571349472.htm?os=false&breadcrumb=Shop+Women%27s%3EJewelry+%26+Accessories&folderID=13539&colorSin=2059356424&fm=browse-page-web&ref_=SB_PLP_PDP_W_ACCES_13539_NB_18,Western Mini Charm Necklace,Gorjana,Shopbop,GorjanaWestern Mini Charm Necklace,Gold,$90.00,$54.00,https://m.media-amazon.com/images/G/01/Shopbop/p/prod/products/gorja/gorja426111c8e8/gorja426111c8e8_1758301197394_2-0._QL90_UX1128_.jpg,One Size
https://www.shopbop.com/gigi-belt-tory-burch/vp/v=1/1528697263.htm?os=false&breadcrumb=Shop+Women%27s%3EJewelry+%26+Accessories&folderID=13539&colorSin=2031775872&fm=browse-page-web&ref_=SB_PLP_PDP_W_ACCES_13539_NB_17,Eleanor Buckle Belt,Tory Burch,Shopbop,Tory BurchEleanor Buckle Belt,Dark Carmine/Silver,$210.00,$126.00,https://m.media-amazon.com/images/G/01/Shopbop/p/prod/products/toryb/toryb5113324d75/toryb5113324d75_1755301429053_2-0._QL90_UX1128_.jpg,XS
https://www.shopbop.com/poppy-gem-necklace-gorjana/vp/v=1/1554407606.htm?os=false&breadcrumb=Shop+Women%27s%3EJewelry+%26+Accessories&folderID=13539&colorSin=2055452333&fm=browse-page-web&ref_=SB_PLP_PDP_W_ACCES_13539_NB_16,Poppy Gem Necklace,Gorjana,Shopbop,GorjanaPoppy Gem Necklace,Aventurine,$75.00,$45.00,https://m.media-amazon.com/images/G/01/Shopbop/p/prod/products/gorja/gorja4261312828/gorja4261312828_1757953560922_2-0._QL90_UX1128_.jpg,One Size
https://www.shopbop.com/gigi-stripe-necklace-gorjana/vp/v=1/1576171603.htm?os=false&breadcrumb=Shop+Women%27s%3EJewelry+%26+Accessories&folderID=13539&colorSin=2021767900&fm=browse-page-web&ref_=SB_PLP_PDP_W_ACCES_13539_NB_15,Gigi Stripe Necklace,Gorjana,Shopbop,GorjanaGigi Stripe Necklace,Miami,$75.00,$45.00,https://m.media-amazon.com/images/G/01/Shopbop/p/prod/products/gorja/gorja4261231716/gorja4261231716_1757953706578_2-0._QL90_UX1128_.jpg,One Size
https://www.shopbop.com/small-polished-gold-braided-edge/vp/v=1/1538512700.htm?os=false&breadcrumb=Shop+Women%27s%3EJewelry+%26+Accessories&folderID=13539&colorSin=2053561282&fm=browse-page-web&ref_=SB_PLP_PDP_W_ACCES_13539_NB_14,Small Polished Gold Braided Edges with Center Button Earrings,Kenneth Jay Lane,Shopbop,Kenneth Jay LaneSmall Polished Gold Braided Edges with Center Button Earrings,Black,$75.00,$45.00,https://m.media-amazon.com/images/G/01/Shopbop/p/prod/products/kjlan/kjlan4152622b0d/kjlan4152622b0d_1759939061288_2-0._QL90_UX1128_.jpg,One Size
https://www.shopbop.com/cable-chain-belt-roxanne-assoulin/vp/v=1/1578288457.htm?os=false&breadcrumb=Shop+Women%27s%3EJewelry+%26+Accessories&folderID=13539&colorSin=2041727551&fm=browse-page-web&ref_=SB_PLP_PDP_W_ACCES_13539_NB_13,The Cable Chain Belt,Roxanne Assoulin,Shopbop,Roxanne AssoulinThe Cable Chain Belt,Gold,$160.00,$96.00,https://m.media-amazon.com/images/G/01/Shopbop/p/prod/products/rasso/rasso3058411739/rasso3058411739_1761237990196_2-0._QL90_UX1128_.jpg,One Size
https://www.shopbop.com/scrunchie-hunza-g/vp/v=1/1567301644.htm?os=false&breadcrumb=Shop+Women%27s%3EJewelry+%26+Accessories&folderID=13539&colorSin=2073839501&fm=browse-page-web&ref_=SB_PLP_PDP_W_ACCES_13539_NB_12,Scrunchie,Hunza G,Shopbop,Hunza GScrunchie,Metallic Mint,$30.00,$9.00,https://m.media-amazon.com/images/G/01/Shopbop/p/prod/products/hunza/hunza30349252ec/hunza30349252ec_1751293001431_2-0._QL90_UX1128_.jpg,One Size
https://www.shopbop.com/treat-earring-heaven-mayhem/vp/v=1/1556769889.htm?os=false&breadcrumb=Shop+Women%27s%3EJewelry+%26+Accessories&folderID=13539&colorSin=2062991254&fm=browse-page-web&ref_=SB_PLP_PDP_W_ACCES_13539_NB_11,Treat Earrings,Heaven Mayhem,Shopbop,Heaven MayhemTreat Earrings,Gold,$108.00,$64.80,https://m.media-amazon.com/images/G/01/Shopbop/p/prod/products/heavn/heavn3010411739/heavn3010411739_1761670960044_2-0._QL90_UX1128_.jpg,One Size
https://www.shopbop.com/oona-rolled-top-socks-stems/vp/v=1/1563134391.htm?os=false&breadcrumb=Shop+Women%27s%3EJewelry+%26+Accessories&folderID=13539&colorSin=2053524014&fm=browse-page-web&ref_=SB_PLP_PDP_W_ACCES_13539_NB_10,Oona Rolled Top Socks 2 Pack,Stems,Shopbop,StemsOona Rolled Top Socks 2 Pack,Black,$34.00,$20.40,https://m.media-amazon.com/images/G/01/Shopbop/p/prod/products/stems/stems301741071b/stems301741071b_1757085112387_2-0._QL90_UX1128_.jpg,One Size
https://www.shopbop.com/kennedy-mini-calf-b-low/vp/v=1/1570314560.htm?os=false&breadcrumb=Shop+Women%27s%3EJewelry+%26+Accessories&folderID=13539&colorSin=2014537390&fm=browse-page-web&ref_=SB_PLP_PDP_W_ACCES_13539_NB_9,Kennedy Mini Calf Hair Belt,B-Low The Belt,Shopbop,B-Low The BeltKennedy Mini Calf Hair Belt,Camel/Gold,$135.00,$81.00,https://m.media-amazon.com/images/G/01/Shopbop/p/prod/products/bloww/bloww4062016992/bloww4062016992_1761253066890_2-0._QL90_UX1128_.jpg,XS
https://www.shopbop.com/sculptural-tear-drop-hoop-madewell/vp/v=1/1514856406.htm?os=false&breadcrumb=Shop+Women%27s%3EJewelry+%26+Accessories&folderID=13539&colorSin=2008811022&fm=browse-page-web&ref_=SB_PLP_PDP_W_ACCES_13539_NB_8,Sculptural Tear Drop Hoops,Madewell,Shopbop,MadewellSculptural Tear Drop Hoops,Antique Gold,$45.00,$27.00,https://m.media-amazon.com/images/G/01/Shopbop/p/prod/products/madew/madew4733411452/madew4733411452_1764715413228_2-0._QL90_UX1128_.jpg,One Size
https://www.shopbop.com/pearl-letter-studs-les-mres/vp/v=1/1501903898.htm?os=false&breadcrumb=Shop+Women%27s%3EJewelry+%26+Accessories&folderID=13539&colorSin=2097683855&fm=browse-page-web&ref_=SB_PLP_PDP_W_ACCES_13539_NB_7,The Pearl Letter Studs,Les Mères,Shopbop,Les MèresThe Pearl Letter Studs,T,$124.00,$62.00,https://m.media-amazon.com/images/G/01/Shopbop/p/prod/products/lesme/lesme3001226945/lesme3001226945_1754930219468_2-0._QL90_UX1128_.jpg,One Size
https://www.shopbop.com/big-puffy-initial-necklace-roxanne/vp/v=1/1547747164.htm?os=false&breadcrumb=Shop+Women%27s%3EJewelry+%26+Accessories&folderID=13539&colorSin=2092284453&fm=browse-page-web&ref_=SB_PLP_PDP_W_ACCES_13539_NB_6,The Big Puffy Initial Necklace,Roxanne Assoulin,Shopbop,Roxanne AssoulinThe Big Puffy Initial Necklace,K,$120.00,$60.00,https://m.media-amazon.com/images/G/01/Shopbop/p/prod/products/rasso/rasso3055017895/rasso3055017895_1761747346741_2-0._QL90_UX1128_.jpg,One Size
https://www.shopbop.com/skinny-round-buckle-belt-madewell/vp/v=1/1520183132.htm?os=false&breadcrumb=Shop+Women%27s%3EJewelry+%26+Accessories&folderID=13539&colorSin=2009245508&fm=browse-page-web&ref_=SB_PLP_PDP_W_ACCES_13539_NB_5,Skinny Leather Belt,Madewell,Shopbop,MadewellSkinny Leather Belt,Stained Redwood,$68.00,$57.80,https://m.media-amazon.com/images/G/01/Shopbop/p/prod/products/madew/madew471872673c/madew471872673c_1763745032293_2-0._QL90_UX1128_.jpg,XS
https://www.shopbop.com/mismatched-moondance-huggie-earrings-tory/vp/v=1/1546814813.htm?os=false&breadcrumb=Shop+Women%27s%3EJewelry+%26+Accessories&folderID=13539&colorSin=2029649500&fm=browse-page-web&ref_=SB_PLP_PDP_W_ACCES_13539_NB_4,Mismatched Moondance Huggie Earrings,Tory Burch,Shopbop,Tory BurchMismatched Moondance Huggie Earrings,Tory Gold/Pearl/Crystal,$110.00,$71.50,https://m.media-amazon.com/images/G/01/Shopbop/p/prod/products/toryb/toryb5126825f9b/toryb5126825f9b_1759522170011_2-0._QL90_UX1128_.jpg,One Size
https://www.shopbop.com/moondance-crystal-pearl-drop-earring/vp/v=1/1550861248.htm?os=false&breadcrumb=Shop+Women%27s%3EJewelry+%26+Accessories&folderID=13539&colorSin=2040883783&fm=browse-page-web&ref_=SB_PLP_PDP_W_ACCES_13539_NB_3,Moondance Crystal and Pearl Drop Earring,Tory Burch,Shopbop,Tory BurchMoondance Crystal and Pearl Drop Earring,Pink/Green,$220.00,$149.60,https://m.media-amazon.com/images/G/01/Shopbop/p/prod/products/toryb/toryb5127725fa4/toryb5127725fa4_1761761181353_2-1._QL90_UX1128_.jpg,One Size
https://www.shopbop.com/slim-semi-formal-french-leather/vp/v=1/1523255637.htm?os=false&breadcrumb=Shop+Women%27s%3EJewelry+%26+Accessories&folderID=13539&colorSin=2033438262&fm=browse-page-web&ref_=SB_PLP_PDP_W_ACCES_13539_NB_2,Slim Semi Formal French Leather Belt,Anderson's,Shopbop,Anderson'sSlim Semi Formal French Leather Belt,Black,$260.00,$182.00,https://m.media-amazon.com/images/G/01/Shopbop/p/prod/products/ander/ander301091071b/ander301091071b_1755203128990_2-0._QL90_UX1128_.jpg,70
https://www.shopbop.com/solid-watch-link-style-bracelet/vp/v=1/1570525586.htm?os=false&breadcrumb=Shop+Women%27s%3EJewelry+%26+Accessories&folderID=13539&colorSin=2099649522&fm=browse-page-web&ref_=SB_PLP_PDP_W_ACCES_13539_NB_1,Solid Watch Link Style Bracelet,By Adina Eden,Shopbop,By Adina EdenSolid Watch Link Style Bracelet,Gold,$98.00,,https://m.media-amazon.com/images/G/01/Shopbop/p/prod/products/adije/adije305731c8e8/adije305731c8e8_1731084573884_2-0._QL90_UX1128_.jpg,One Size
https://www.shopbop.com/moondance-crystal-pearl-drop-earring/vp/v=1/1550861248.htm?os=false&breadcrumb=Shop+Women%27s%3EJewelry+%26+Accessories&folderID=13539&colorSin=2040883783&fm=browse-page-web&ref_=SB_PLP_PDP_W_ACCES_13539_NB_99,Moondance Crystal and Pearl Drop Earring,Tory Burch,Shopbop,Tory BurchMoondance Crystal and Pearl Drop Earring,Pink/Green,$220.00,$149.60,https://m.media-amazon.com/images/G/01/Shopbop/p/prod/products/toryb/toryb5127725fa4/toryb5127725fa4_1761761181353_2-1._QL90_UX1128_.jpg,One Size
https://www.shopbop.com/slim-semi-formal-french-leather/vp/v=1/1523255637.htm?os=false&breadcrumb=Shop+Women%27s%3EJewelry+%26+Accessories&folderID=13539&colorSin=2033438262&fm=browse-page-web&ref_=SB_PLP_PDP_W_ACCES_13539_NB_98,Slim Semi Formal French Leather Belt,Anderson's,Shopbop,Anderson'sSlim Semi Formal French Leather Belt,Black,$260.00,$182.00,https://m.media-amazon.com/images/G/01/Shopbop/p/prod/products/ander/ander301091071b/ander301091071b_1755203128990_2-0._QL90_UX1128_.jpg,70
https://www.shopbop.com/audrey-felt-fedora-rag-bone/vp/v=1/1586231860.htm?os=false&breadcrumb=Shop+Women%27s%3EJewelry+%26+Accessories&folderID=13539&colorSin=2065848469&fm=browse-page-web&ref_=SB_PLP_PDP_W_ACCES_13539_NB_97,Audrey Felt Fedora,rag & bone,Shopbop,rag & boneAudrey Felt Fedora,Taupe,$198.00,$138.60,https://m.media-amazon.com/images/G/01/Shopbop/p/prod/products/ragbo/ragbo4819111876/ragbo4819111876_1760623818536_2-0._QL90_UX1128_.jpg,S
https://www.shopbop.com/duke-b-low-belt/vp/v=1/1514377240.htm?os=false&breadcrumb=Shop+Women%27s%3EJewelry+%26+Accessories&folderID=13539&colorSin=2050766322&fm=browse-page-web&ref_=SB_PLP_PDP_W_ACCES_13539_NB_96,Duke Belt,B-Low The Belt,Shopbop,B-Low The BeltDuke Belt,Tan/Gold,$187.00,$112.20,https://m.media-amazon.com/images/G/01/Shopbop/p/prod/products/bloww/bloww4059915862/bloww4059915862_1749080171469_2-0._QL90_UX1128_.jpg,L
https://www.shopbop.com/double-cobra-bracelet-roxanne-assoulin/vp/v=1/1592496151.htm?os=false&breadcrumb=Shop+Women%27s%3EJewelry+%26+Accessories&folderID=13539&colorSin=2044471391&fm=browse-page-web&ref_=SB_PLP_PDP_W_ACCES_13539_NB_95,The Double Cobra Bracelet,Roxanne Assoulin,Shopbop,Roxanne AssoulinThe Double Cobra Bracelet,Shiny Gold/Pale Pink Gold/Sem,$185.00,$129.50,https://m.media-amazon.com/images/G/01/Shopbop/p/prod/products/rasso/rasso305382658f/rasso305382658f_1753213431866_2-0._QL90_UX1128_.jpg,One Size
https://www.shopbop.com/dark-chocolate-aztec-culture-belt/vp/v=1/1576226977.htm?os=false&breadcrumb=Shop+Women%27s%3EJewelry+%26+Accessories&folderID=13539&colorSin=2057417181&fm=browse-page-web&ref_=SB_PLP_PDP_W_ACCES_13539_DB_94,Dark Chocolate Aztec Culture Belt,Johanna Ortiz,Shopbop,Johanna OrtizDark Chocolate Aztec Culture Belt,Dark Chocolate,$595.00,$416.50,https://m.media-amazon.com/images/G/01/Shopbop/p/prod/products/jorti/jorti3052510802/jorti3052510802_1759947539493_2-0._QL90_UX1128_.jpg,XS
https://www.shopbop.com/giltwood-drop-crystal-earrings-lele/vp/v=1/1594411386.htm?os=false&breadcrumb=Shop+Women%27s%3EJewelry+%26+Accessories&folderID=13539&colorSin=2018829475&fm=browse-page-web&ref_=SB_PLP_PDP_W_ACCES_13539_NB_93,Giltwood Drop Crystal Earrings,Lele Sadoughi,Shopbop,Lele SadoughiGiltwood Drop Crystal Earrings,Rose Blush,$165.00,$115.50,https://m.media-amazon.com/images/G/01/Shopbop/p/prod/products/leles/leles3130223129/leles3130223129_1757086441947_2-0._QL90_UX1128_.jpg,One Size
https://www.shopbop.com/suni-choker-cult-gaia/vp/v=1/1546752240.htm?os=false&breadcrumb=Shop+Women%27s%3EJewelry+%26+Accessories&folderID=13539&colorSin=2013323554&fm=browse-page-web&ref_=SB_PLP_PDP_W_ACCES_13539_NB_92,Suni Choker,Cult Gaia,Shopbop,Cult GaiaSuni Choker,Brushed Brass,$398.00,$278.60,https://m.media-amazon.com/images/G/01/Shopbop/p/prod/products/cultg/cultg3151654261/cultg3151654261_1757017401527_2-0._QL90_UX1128_.jpg,One Size
https://www.shopbop.com/deepa-gurnani-rika-bracelet/vp/v=1/1592713985.htm?os=false&breadcrumb=Shop+Women%27s%3EJewelry+%26+Accessories&folderID=13539&colorSin=2073634344&fm=browse-page-web&ref_=SB_PLP_PDP_W_ACCES_13539_NB_91,Deepa by Deepa Gurnani Rika Bracelet,Deepa Gurnani,Shopbop,Deepa GurnaniDeepa by Deepa Gurnani Rika Bracelet,Gold,$125.00,$87.50,https://m.media-amazon.com/images/G/01/Shopbop/p/prod/products/deepa/deepa4106811739/deepa4106811739_1758069330014_2-0._QL90_UX1128_.jpg,One Size
https://www.shopbop.com/boston-beanie-lele-sadoughi/vp/v=1/1515888343.htm?os=false&breadcrumb=Shop+Women%27s%3EJewelry+%26+Accessories&folderID=13539&colorSin=2036301046&fm=browse-page-web&ref_=SB_PLP_PDP_W_ACCES_13539_NB_90,Boston Beanie,Lele Sadoughi,Shopbop,Lele SadoughiBoston Beanie,Red Melange,$168.00,$117.60,https://m.media-amazon.com/images/G/01/Shopbop/p/prod/products/leles/leles3128611c72/leles3128611c72_1758735106540_2-1._QL90_UX1128_.jpg,One Size
https://www.shopbop.com/eloise-earrings-li-studio/vp/v=1/1550479739.htm?os=false&breadcrumb=Shop+Women%27s%3EJewelry+%26+Accessories&folderID=13539&colorSin=2069186927&fm=browse-page-web&ref_=SB_PLP_PDP_W_ACCES_13539_NB_89,The Eloise Earrings,LIÉ STUDIO,Shopbop,LIÉ STUDIOThe Eloise Earrings,Silver,$230.00,$161.00,https://m.media-amazon.com/images/G/01/Shopbop/p/prod/products/liest/liest3004112208/liest3004112208_1758547204519_2-0._QL90_UX1128_.jpg,One Size
https://www.shopbop.com/king-jammy-scarf-howlin/vp/v=1/1587662034.htm?os=false&breadcrumb=Shop+Women%27s%3EJewelry+%26+Accessories&folderID=13539&colorSin=2025295107&fm=browse-page-web&ref_=SB_PLP_PDP_W_ACCES_13539_NB_88,King Jammy Scarf,Howlin',Shopbop,Howlin'King Jammy Scarf,Forest,$125.00,$87.50,https://m.media-amazon.com/images/G/01/Shopbop/p/prod/products/howli/howli3029111782/howli3029111782_1761001719601_2-0._QL90_UX1128_.jpg,One Size
https://www.shopbop.com/marzia-earring-cult-gaia/vp/v=1/1591229137.htm?os=false&breadcrumb=Shop+Women%27s%3EJewelry+%26+Accessories&folderID=13539&colorSin=2088659004&fm=browse-page-web&ref_=SB_PLP_PDP_W_ACCES_13539_NB_87,Marzia Earrings,Cult Gaia,Shopbop,Cult GaiaMarzia Earrings,Brushed Brass,$248.00,$173.60,https://m.media-amazon.com/images/G/01/Shopbop/p/prod/products/cultg/cultg3151454261/cultg3151454261_1757368134911_2-0._QL90_UX1128_.jpg,One Size
https://www.shopbop.com/harriet-necklace-elizabeth-cole/vp/v=1/1569744463.htm?os=false&breadcrumb=Shop+Women%27s%3EJewelry+%26+Accessories&folderID=13539&colorSin=2081509284&fm=browse-page-web&ref_=SB_PLP_PDP_W_ACCES_13539_NB_86,Harriet Necklace,Elizabeth Cole,Shopbop,Elizabeth ColeHarriet Necklace,Turquoise,$288.00,$201.60,https://m.media-amazon.com/images/G/01/Shopbop/p/prod/products/eliza/eliza306931272d/eliza306931272d_1749854336332_2-0._QL90_UX1128_.jpg,One Size
https://www.shopbop.com/laurel-necklace-lele-sadoughi/vp/v=1/1599979030.htm?os=false&breadcrumb=Shop+Women%27s%3EJewelry+%26+Accessories&folderID=13539&colorSin=2034938128&fm=browse-page-web&ref_=SB_PLP_PDP_W_ACCES_13539_NB_85,Laurel Necklace,Lele Sadoughi,Shopbop,Lele SadoughiLaurel Necklace,Jade Multi,$350.00,$245.00,https://m.media-amazon.com/images/G/01/Shopbop/p/prod/products/leles/leles3133125943/leles3133125943_1764622936329_2-0._QL90_UX1128_.jpg,One Size
https://www.shopbop.com/aurelia-bobby-pins-set-jennifer/vp/v=1/1561317726.htm?os=false&breadcrumb=Shop+Women%27s%3EJewelry+%26+Accessories&folderID=13539&colorSin=2091297030&fm=browse-page-web&ref_=SB_PLP_PDP_W_ACCES_13539_NB_84,Aurelia Bobby Pins Set of 3,Jennifer Behr,Shopbop,Jennifer BehrAurelia Bobby Pins Set of 3,Crystal,$225.00,$157.50,https://m.media-amazon.com/images/G/01/Shopbop/p/prod/products/jbehr/jbehr3087712140/jbehr3087712140_1762276110335_2-0._QL90_UX1128_.jpg,One Size
https://www.shopbop.com/carliy-goldmine-acne-studios/vp/v=1/1535233332.htm?os=false&breadcrumb=Shop+Women%27s%3EJewelry+%26+Accessories&folderID=13539&colorSin=2058306481&fm=browse-page-web&ref_=SB_PLP_PDP_W_ACCES_13539_DB_83,Carliy Goldmine Hat,Acne Studios,Shopbop,Acne StudiosCarliy Goldmine Hat,Mid Blue,$260.00,$182.00,https://m.media-amazon.com/images/G/01/Shopbop/p/prod/products/acndb/acndb324411df5f/acndb324411df5f_1757528961455_2-0._QL90_UX1128_.jpg,One Size
https://www.shopbop.com/double-zipper-pouch-stoney-clover/vp/v=1/1509616368.htm?os=false&breadcrumb=Shop+Women%27s%3EJewelry+%26+Accessories&folderID=13539&colorSin=2034898144&fm=browse-page-web&ref_=SB_PLP_PDP_W_ACCES_13539_NB_82,Double Zipper Pouch,Stoney Clover Lane,Shopbop,Stoney Clover LaneDouble Zipper Pouch,Sapphire,$108.00,$75.60,https://m.media-amazon.com/images/G/01/Shopbop/p/prod/products/sclov/sclov3066410188/sclov3066410188_1762970473642_2-0._QL90_UX1128_.jpg,One Size
https://www.shopbop.com/marc-suede-b-low-belt/vp/v=1/1550589671.htm?os=false&breadcrumb=Shop+Women%27s%3EJewelry+%26+Accessories&folderID=13539&colorSin=2087301213&fm=browse-page-web&ref_=SB_PLP_PDP_W_ACCES_13539_NB_81,Marc Suede Belt,B-Low The Belt,Shopbop,B-Low The BeltMarc Suede Belt,Dk. Moss Gold,$138.00,$96.60,https://m.media-amazon.com/images/G/01/Shopbop/p/prod/products/bloww/bloww4061626c42/bloww4061626c42_1758825163657_2-0._QL90_UX1128_.jpg,XS
https://www.shopbop.com/king-jammy-scarf-howlin/vp/v=1/1598390074.htm?os=false&breadcrumb=Shop+Women%27s%3EJewelry+%26+Accessories&folderID=13539&colorSin=2058270110&fm=browse-page-web&ref_=SB_PLP_PDP_W_ACCES_13539_NB_80,King Jimmy Scarf,Howlin',Shopbop,Howlin'King Jimmy Scarf,Wood,$125.00,$87.50,https://m.media-amazon.com/images/G/01/Shopbop/p/prod/products/howli/howli3029211084/howli3029211084_1762534974909_2-0._QL90_UX1128_.jpg,One Size
https://www.shopbop.com/kallen-bracelet-set-baublebar/vp/v=1/1583366968.htm?os=false&breadcrumb=Shop+Women%27s%3EJewelry+%26+Accessories&folderID=13539&colorSin=2092757194&fm=browse-page-web&ref_=SB_PLP_PDP_W_ACCES_13539_NB_79,Kallen Bracelet Set,BaubleBar,Shopbop,BaubleBarKallen Bracelet Set,Multi,$68.00,$34.00,https://m.media-amazon.com/images/G/01/Shopbop/p/prod/products/baubl/baubl306201c3c8/baubl306201c3c8_1742418314645_2-0._QL90_UX1128_.jpg,One Size
https://www.shopbop.com/fleece-lined-stirrup-tights-plush/vp/v=1/1572976032.htm?os=false&breadcrumb=Shop+Women%27s%3EJewelry+%26+Accessories&folderID=13539&colorSin=2027455867&fm=browse-page-web&ref_=SB_PLP_PDP_W_ACCES_13539_NB_78,Fleece Lined Tights with Stirrups,Plush,Shopbop,PlushFleece Lined Tights with Stirrups,Black,$37.00,$25.90,https://m.media-amazon.com/images/G/01/Shopbop/p/prod/products/plush/plush2000212867/plush2000212867_q1_2-0._QL90_UX1128_.jpg,S
https://www.shopbop.com/forget-not-pearl-necklace-tory/vp/v=1/1556344559.htm?os=false&breadcrumb=Shop+Women%27s%3EJewelry+%26+Accessories&folderID=13539&colorSin=2013822378&fm=browse-page-web&ref_=SB_PLP_PDP_W_ACCES_13539_NB_77,Forget Me Not Pearl Necklace,Tory Burch,Shopbop,Tory BurchForget Me Not Pearl Necklace,Tory Gold/Pearl/Crystal,$260.00,$182.00,https://m.media-amazon.com/images/G/01/Shopbop/p/prod/products/toryb/toryb50843232a8/toryb50843232a8_1730475737365_2-0._QL90_UX1128_.jpg,One Size
https://www.shopbop.com/asymmetrical-bracelet-cuff-shashi/vp/v=1/1578987649.htm?os=false&breadcrumb=Shop+Women%27s%3EJewelry+%26+Accessories&folderID=13539&colorSin=2094234389&fm=browse-page-web&ref_=SB_PLP_PDP_W_ACCES_13539_NB_76,Asymmetrical Bracelet Cuff,SHASHI,Shopbop,SHASHIAsymmetrical Bracelet Cuff,Silver,$88.00,$61.60,https://m.media-amazon.com/images/G/01/Shopbop/p/prod/products/shash/shash43102235d8/shash43102235d8_1736290695480_2-0._QL90_UX1128_.jpg,One Size
https://www.shopbop.com/halstead-gem-earring-rachel-comey/vp/v=1/1500771043.htm?os=false&breadcrumb=Shop+Women%27s%3EJewelry+%26+Accessories&folderID=13539&colorSin=2081217215&fm=browse-page-web&ref_=SB_PLP_PDP_W_ACCES_13539_NB_75,Halstead Gem Earrings,Rachel Comey,Shopbop,Rachel ComeyHalstead Gem Earrings,Citron,$175.00,$87.50,https://m.media-amazon.com/images/G/01/Shopbop/p/prod/products/rachc/rachc2185612895/rachc2185612895_1753291103092_2-0._QL90_UX1128_.jpg,One Size
https://www.shopbop.com/bambou-jonc-strass-ring-gas/vp/v=1/1503901313.htm?os=false&breadcrumb=Shop+Women%27s%3EJewelry+%26+Accessories&folderID=13539&colorSin=2083438627&fm=browse-page-web&ref_=SB_PLP_PDP_W_ACCES_13539_NB_74,Bambou Jonc Strass O Ring,GAS Bijoux,Shopbop,GAS BijouxBambou Jonc Strass O Ring,Purple,$120.00,$84.00,https://m.media-amazon.com/images/G/01/Shopbop/p/prod/products/gasbi/gasbi3042510dad/gasbi3042510dad_1758574843278_2-1._QL90_UX1128_.jpg,6
https://www.shopbop.com/copper-pearl-nugget-gold-pierced/vp/v=1/1503781105.htm?os=false&breadcrumb=Shop+Women%27s%3EJewelry+%26+Accessories&folderID=13539&colorSin=2048911793&fm=browse-page-web&ref_=SB_PLP_PDP_W_ACCES_13539_NB_73,Copper Pearl Nugget Gold Pierced Earrings,Kenneth Jay Lane,Shopbop,Kenneth Jay LaneCopper Pearl Nugget Gold Pierced Earrings,Copper Pearl,$40.00,$28.00,https://m.media-amazon.com/images/G/01/Shopbop/p/prod/products/kjlan/kjlan415172755a/kjlan415172755a_1759872452798_2-0._QL90_UX1128_.jpg,One Size
https://www.shopbop.com/faux-suede-bow-earrings-lele/vp/v=1/1582631563.htm?os=false&breadcrumb=Shop+Women%27s%3EJewelry+%26+Accessories&folderID=13539&colorSin=2039824275&fm=browse-page-web&ref_=SB_PLP_PDP_W_ACCES_13539_NB_72,Faux Suede Bow Earrings,Lele Sadoughi,Shopbop,Lele SadoughiFaux Suede Bow Earrings,Caramel,$85.00,$59.50,https://m.media-amazon.com/images/G/01/Shopbop/p/prod/products/leles/leles313081a529/leles313081a529_1756917189076_2-0._QL90_UX1128_.jpg,One Size
https://www.shopbop.com/akiko-earring-shashi/vp/v=1/1566388953.htm?os=false&breadcrumb=Shop+Women%27s%3EJewelry+%26+Accessories&folderID=13539&colorSin=2085412663&fm=browse-page-web&ref_=SB_PLP_PDP_W_ACCES_13539_NB_71,Akiko Earrings,SHASHI,Shopbop,SHASHIAkiko Earrings,Gold,$62.00,$43.40,https://m.media-amazon.com/images/G/01/Shopbop/p/prod/products/shash/shash4137411739/shash4137411739_q1_2-0._QL90_UX1128_.jpg,One Size
https://www.shopbop.com/tan-pearl-slide-shashi/vp/v=1/1545266762.htm?os=false&breadcrumb=Shop+Women%27s%3EJewelry+%26+Accessories&folderID=13539&colorSin=2023002721&fm=browse-page-web&ref_=SB_PLP_PDP_W_ACCES_13539_NB_70,Pearl Slide Bracelet,SHASHI,Shopbop,SHASHIPearl Slide Bracelet,Tan,$90.00,$63.00,https://m.media-amazon.com/images/G/01/Shopbop/p/prod/products/shash/shash4337711841/shash4337711841_1758576577349_2-0._QL90_UX1128_.jpg,One Size
https://www.shopbop.com/venus-1996-new-rws-acne/vp/v=1/1526290573.htm?os=false&breadcrumb=Shop+Women%27s%3EJewelry+%26+Accessories&folderID=13539&colorSin=2035982763&fm=browse-page-web&ref_=SB_PLP_PDP_W_ACCES_13539_DB_69,Venus 1996 New Scarf,Acne Studios,Shopbop,Acne StudiosVenus 1996 New Scarf,Camel/Ecru,$320.00,$224.00,https://m.media-amazon.com/images/G/01/Shopbop/p/prod/products/acndb/acndb324631ca3f/acndb324631ca3f_1755790143540_2-0._QL90_UX1128_.jpg,One Size
https://www.shopbop.com/jumbo-charlie-necklace-eliou/vp/v=1/1586003503.htm?os=false&breadcrumb=Shop+Women%27s%3EJewelry+%26+Accessories&folderID=13539&colorSin=2085430886&fm=browse-page-web&ref_=SB_PLP_PDP_W_ACCES_13539_EP_68,Jumbo Charlie Necklace,éliou,Shopbop,éliouJumbo Charlie Necklace,Gold Plated,$320.00,$224.00,https://m.media-amazon.com/images/G/01/Shopbop/p/prod/products/eliou/eliou3026416ddb/eliou3026416ddb_1760138756802_2-0._QL90_UX1128_.jpg,One Size
https://www.shopbop.com/these-boots-were-made-walking/vp/v=1/1591962402.htm?os=false&breadcrumb=Shop+Women%27s%3EJewelry+%26+Accessories&folderID=13539&colorSin=2052173354&fm=browse-page-web&ref_=SB_PLP_PDP_W_ACCES_13539_NB_67,These Boots Were Made for Walking Earrings,Elizabeth Cole,Shopbop,Elizabeth ColeThese Boots Were Made for Walking Earrings,Crystal,$168.00,$117.60,https://m.media-amazon.com/images/G/01/Shopbop/p/prod/products/eliza/eliza3069412140/eliza3069412140_1749220848466_2-0._QL90_UX1128_.jpg,One Size
https://www.shopbop.com/heart-earcuff-annika-inez/vp/v=1/1511485766.htm?os=false&breadcrumb=Shop+Women%27s%3EJewelry+%26+Accessories&folderID=13539&colorSin=2006411075&fm=browse-page-web&ref_=SB_PLP_PDP_W_ACCES_13539_EP_66,Heart Earcuff,Annika Inez,Shopbop,Annika InezHeart Earcuff,Gold,$120.00,$84.00,https://m.media-amazon.com/images/G/01/Shopbop/p/prod/products/annik/annik3003711739/annik3003711739_1760459841641_2-0._QL90_UX1128_.jpg,One Size
https://www.shopbop.com/odessa-b-low-belt/vp/v=1/1506813354.htm?os=false&breadcrumb=Shop+Women%27s%3EJewelry+%26+Accessories&folderID=13539&colorSin=2086877666&fm=browse-page-web&ref_=SB_PLP_PDP_W_ACCES_13539_NB_65,Odessa Belt,B-Low The Belt,Shopbop,B-Low The BeltOdessa Belt,Black/Gold,$180.00,$126.00,https://m.media-amazon.com/images/G/01/Shopbop/p/prod/products/bloww/bloww406141221a/bloww406141221a_1758763847822_2-0._QL90_UX1128_.jpg,XS
https://www.shopbop.com/linnea-gemstone-earring-shashi/vp/v=1/1590765490.htm?os=false&breadcrumb=Shop+Women%27s%3EJewelry+%26+Accessories&folderID=13539&colorSin=2018446433&fm=browse-page-web&ref_=SB_PLP_PDP_W_ACCES_13539_NB_64,Linnea Gemstone Earrings,SHASHI,Shopbop,SHASHILinnea Gemstone Earrings,Pearl,$96.00,$67.20,https://m.media-amazon.com/images/G/01/Shopbop/p/prod/products/shash/shash4304811338/shash4304811338_1727378586419_2-0._QL90_UX1128_.jpg,One Size
https://www.shopbop.com/september-necklace-brinker-eliza/vp/v=1/1525602090.htm?os=false&breadcrumb=Shop+Women%27s%3EJewelry+%26+Accessories&folderID=13539&colorSin=2007103361&fm=browse-page-web&ref_=SB_PLP_PDP_W_ACCES_13539_NB_63,September Necklace,Brinker + Eliza,Shopbop,Brinker + ElizaSeptember Necklace,Apatite Multi,$228.00,$159.60,https://m.media-amazon.com/images/G/01/Shopbop/p/prod/products/beliz/beliz3045827c43/beliz3045827c43_1763135865134_2-0._QL90_UX1128_.jpg,One Size
https://www.shopbop.com/icon-pav-chain-necklace-tory/vp/v=1/1516642256.htm?os=false&breadcrumb=Shop+Women%27s%3EJewelry+%26+Accessories&folderID=13539&colorSin=2095038284&fm=browse-page-web&ref_=SB_PLP_PDP_W_ACCES_13539_NB_62,Icon Pavé Chain Necklace,Tory Burch,Shopbop,Tory BurchIcon Pavé Chain Necklace,Tory Gold/Crystal,$310.00,$217.00,https://m.media-amazon.com/images/G/01/Shopbop/p/prod/products/toryb/toryb50845232a9/toryb50845232a9_1730736026170_2-0._QL90_UX1128_.jpg,One Size
https://www.shopbop.com/wool-baseball-hat-clare-v/vp/v=1/1551165459.htm?os=false&breadcrumb=Shop+Women%27s%3EJewelry+%26+Accessories&folderID=13539&colorSin=2021604997&fm=browse-page-web&ref_=SB_PLP_PDP_W_ACCES_13539_NB_61,Wool Baseball Hat,Clare V.,Shopbop,Clare V.Wool Baseball Hat,Taupe With Red,$70.00,$49.00,https://m.media-amazon.com/images/G/01/Shopbop/p/prod/products/clare/clare21398261b9/clare21398261b9_1760646574171_2-0._QL90_UX1128_.jpg,One Size
https://www.shopbop.com/deepa-gurnani-sahana-earrings/vp/v=1/1526356553.htm?os=false&breadcrumb=Shop+Women%27s%3EJewelry+%26+Accessories&folderID=13539&colorSin=2062610565&fm=browse-page-web&ref_=SB_PLP_PDP_W_ACCES_13539_NB_60,Deepa by Deepa Gurnani Sahana Earrings,Deepa Gurnani,Shopbop,Deepa GurnaniDeepa by Deepa Gurnani Sahana Earrings,Gunmetal,$60.00,$42.00,https://m.media-amazon.com/images/G/01/Shopbop/p/prod/products/deepa/deepa4106512345/deepa4106512345_1758061977387_2-0._QL90_UX1128_.jpg,One Size
https://www.shopbop.com/metal-moderna-necklace-ettika/vp/v=1/1586404411.htm?os=false&breadcrumb=Shop+Women%27s%3EJewelry+%26+Accessories&folderID=13539&colorSin=2093576880&fm=browse-page-web&ref_=SB_PLP_PDP_W_ACCES_13539_NB_59,Metal Moderna Necklace,Ettika,Shopbop,EttikaMetal Moderna Necklace,Gold,$125.00,$87.50,https://m.media-amazon.com/images/G/01/Shopbop/p/prod/products/ettik/ettik3006811739/ettik3006811739_1762905718482_2-0._QL90_UX1128_.jpg,One Size
https://www.shopbop.com/eze-necklace-julietta/vp/v=1/1598336078.htm?os=false&breadcrumb=Shop+Women%27s%3EJewelry+%26+Accessories&folderID=13539&colorSin=2013125844&fm=browse-page-web&ref_=SB_PLP_PDP_W_ACCES_13539_NB_58,Eze Necklace,Julietta,Shopbop,JuliettaEze Necklace,Black/Silver,$275.00,$192.50,https://m.media-amazon.com/images/G/01/Shopbop/p/prod/products/julet/julet3003412a90/julet3003412a90_1763055563915_2-0._QL90_UX1128_.jpg,One Size
https://www.shopbop.com/duskfall-2524903-le-specs/vp/v=1/1569824857.htm?os=false&breadcrumb=Shop+Women%27s%3EJewelry+%26+Accessories&folderID=13539&colorSin=2068241546&fm=browse-page-web&ref_=SB_PLP_PDP_W_ACCES_13539_NB_57,Duskfall Glasses,Le Specs,Shopbop,Le SpecsDuskfall Glasses,Dark Cocoa,$85.00,$59.50,https://m.media-amazon.com/images/G/01/Shopbop/p/prod/products/lspec/lspec3082621876/lspec3082621876_1759357206442_2-0._QL90_UX1128_.jpg,One Size
https://www.shopbop.com/millefeuille-earring-shashi/vp/v=1/1566538723.htm?os=false&breadcrumb=Shop+Women%27s%3EJewelry+%26+Accessories&folderID=13539&colorSin=2090959093&fm=browse-page-web&ref_=SB_PLP_PDP_W_ACCES_13539_NB_56,Millefeuille Earrings,SHASHI,Shopbop,SHASHIMillefeuille Earrings,Yellow,$110.00,$77.00,https://m.media-amazon.com/images/G/01/Shopbop/p/prod/products/shash/shash432841040f/shash432841040f_1758051376936_2-0._QL90_UX1128_.jpg,One Size
https://www.shopbop.com/bigger-bead-necklace-roxanne-assoulin/vp/v=1/1532540265.htm?os=false&breadcrumb=Shop+Women%27s%3EJewelry+%26+Accessories&folderID=13539&colorSin=2054146079&fm=browse-page-web&ref_=SB_PLP_PDP_W_ACCES_13539_NB_55,The Bigger Bead Necklace,Roxanne Assoulin,Shopbop,Roxanne AssoulinThe Bigger Bead Necklace,Shiny Gold,$125.00,$87.50,https://m.media-amazon.com/images/G/01/Shopbop/p/prod/products/rasso/rasso3054816080/rasso3054816080_1754957848872_2-0._QL90_UX1128_.jpg,One Size
https://www.shopbop.com/pack-socks-adidas-x-wales/vp/v=1/1506551086.htm?os=false&breadcrumb=Shop+Women%27s%3EJewelry+%26+Accessories&folderID=13539&colorSin=2064993223&fm=browse-page-web&ref_=SB_PLP_PDP_W_ACCES_13539_NB_54,Adidas x Wales Bonner 2 Pack Socks,Adidas x Wales Bonner,Shopbop,Adidas x Wales BonnerAdidas x Wales Bonner 2 Pack Socks,maroon/wonder quartz,$80.00,$56.00,https://m.media-amazon.com/images/G/01/Shopbop/p/prod/products/awbon/awbon300222627f/awbon300222627f_1760968305208_2-0._QL90_UX1128_.jpg,XS
https://www.shopbop.com/bauble-mesh-earrings-rachel-comey/vp/v=1/1522993467.htm?os=false&breadcrumb=Shop+Women%27s%3EJewelry+%26+Accessories&folderID=13539&colorSin=2002480971&fm=browse-page-web&ref_=SB_PLP_PDP_W_ACCES_13539_NB_53,Bauble Mesh Earrings,Rachel Comey,Shopbop,Rachel ComeyBauble Mesh Earrings,Navy,$195.00,$136.50,https://m.media-amazon.com/images/G/01/Shopbop/p/prod/products/rachc/rachc21892124bd/rachc21892124bd_1762205827627_2-0._QL90_UX1128_.jpg,One Size
https://www.shopbop.com/crystal-earrings-bracelet-gift-set/vp/v=1/1533633031.htm?os=false&breadcrumb=Shop+Women%27s%3EJewelry+%26+Accessories&folderID=13539&colorSin=2001821381&fm=browse-page-web&ref_=SB_PLP_PDP_W_ACCES_13539_NB_52,Crystal Earrings and Bracelet Gift Set,BaubleBar,Shopbop,BaubleBarCrystal Earrings and Bracelet Gift Set,Clear,$44.00,$30.80,https://m.media-amazon.com/images/G/01/Shopbop/p/prod/products/baubl/baubl3069111456/baubl3069111456_1761597316493_2-0._QL90_UX1128_.jpg,One Size
https://www.shopbop.com/caroline-cuff-bracelet-shashi/vp/v=1/1525587683.htm?os=false&breadcrumb=Shop+Women%27s%3EJewelry+%26+Accessories&folderID=13539&colorSin=2061374709&fm=browse-page-web&ref_=SB_PLP_PDP_W_ACCES_13539_NB_51,Caroline Cuff Bracelet,SHASHI,Shopbop,SHASHICaroline Cuff Bracelet,Gold,$90.00,$63.00,https://m.media-amazon.com/images/G/01/Shopbop/p/prod/products/shash/shash4342411739/shash4342411739_1764025064555_2-0._QL90_UX1128_.jpg,One Size
https://www.shopbop.com/thin-icon-hinge-bracelet-tory/vp/v=1/1526606536.htm?os=false&breadcrumb=Shop+Women%27s%3EJewelry+%26+Accessories&folderID=13539&colorSin=2021842067&fm=browse-page-web&ref_=SB_PLP_PDP_W_ACCES_13539_NB_50,Thin Icon Hinge Bracelet,Tory Burch,Shopbop,Tory BurchThin Icon Hinge Bracelet,Rose Gold,$160.00,$112.00,https://m.media-amazon.com/images/G/01/Shopbop/p/prod/products/toryb/toryb5161311784/toryb5161311784_1757967175278_2-0._QL90_UX1128_.jpg,One Size
https://www.shopbop.com/astrid-oversized-scrunchie-loeffler-randall/vp/v=1/1568417987.htm?os=false&breadcrumb=Shop+Women%27s%3EJewelry+%26+Accessories&folderID=13539&colorSin=2043321151&fm=browse-page-web&ref_=SB_PLP_PDP_W_ACCES_13539_NB_49,Astrid Oversized Scrunchie,Loeffler Randall,Shopbop,Loeffler RandallAstrid Oversized Scrunchie,Leopard,$45.00,$31.50,https://m.media-amazon.com/images/G/01/Shopbop/p/prod/products/loeff/loeff42514183ae/loeff42514183ae_1762277778747_2-0._QL90_UX1128_.jpg,One Size
https://www.shopbop.com/jada-brushed-cashmere-beanie-rag/vp/v=1/1564492491.htm?os=false&breadcrumb=Shop+Women%27s%3EJewelry+%26+Accessories&folderID=13539&colorSin=2052036477&fm=browse-page-web&ref_=SB_PLP_PDP_W_ACCES_13539_NB_48,Jada Brushed Cashmere Beanie,rag & bone,Shopbop,rag & boneJada Brushed Cashmere Beanie,Mink,$248.00,$173.60,https://m.media-amazon.com/images/G/01/Shopbop/p/prod/products/ragbo/ragbo4795610935/ragbo4795610935_1760991223156_2-0._QL90_UX1128_.jpg,One Size
https://www.shopbop.com/thin-icon-monogram-hinge-bracelet/vp/v=1/1571671918.htm?os=false&breadcrumb=Shop+Women%27s%3EJewelry+%26+Accessories&folderID=13539&colorSin=2007761631&fm=browse-page-web&ref_=SB_PLP_PDP_W_ACCES_13539_NB_47,Thin Icon T Monogram Hinge Bracelet,Tory Burch,Shopbop,Tory BurchThin Icon T Monogram Hinge Bracelet,Tory Gold,$160.00,$112.00,https://m.media-amazon.com/images/G/01/Shopbop/p/prod/products/toryb/toryb5160361202/toryb5160361202_1755116226377_2-0._QL90_UX1128_.jpg,One Size
https://www.shopbop.com/thick-polished-gold-hinged-cuff/vp/v=1/1534466737.htm?os=false&breadcrumb=Shop+Women%27s%3EJewelry+%26+Accessories&folderID=13539&colorSin=2022666932&fm=browse-page-web&ref_=SB_PLP_PDP_W_ACCES_13539_NB_46,Thick Polished Gold Hinged Cuff Bracelet,Kenneth Jay Lane,Shopbop,Kenneth Jay LaneThick Polished Gold Hinged Cuff Bracelet,Polished Gold,$150.00,$105.00,https://m.media-amazon.com/images/G/01/Shopbop/p/prod/products/kjlan/kjlan4151515130/kjlan4151515130_1761757407911_2-0._QL90_UX1128_.jpg,One Size
https://www.shopbop.com/hannah-earrings-li-studio/vp/v=1/1514718248.htm?os=false&breadcrumb=Shop+Women%27s%3EJewelry+%26+Accessories&folderID=13539&colorSin=2035787505&fm=browse-page-web&ref_=SB_PLP_PDP_W_ACCES_13539_NB_45,The Hannah Earrings,LIÉ STUDIO,Shopbop,LIÉ STUDIOThe Hannah Earrings,Beige Topaz Jade,$250.00,$175.00,https://m.media-amazon.com/images/G/01/Shopbop/p/prod/products/liest/liest300642731c/liest300642731c_1763412774244_2-0._QL90_UX1128_.jpg,One Size
https://www.shopbop.com/molten-heart-button-earrings-lele/vp/v=1/1531179349.htm?os=false&breadcrumb=Shop+Women%27s%3EJewelry+%26+Accessories&folderID=13539&colorSin=2084827111&fm=browse-page-web&ref_=SB_PLP_PDP_W_ACCES_13539_NB_44,Molten Heart Button Earrings,Lele Sadoughi,Shopbop,Lele SadoughiMolten Heart Button Earrings,Lilac,$145.00,$101.50,https://m.media-amazon.com/images/G/01/Shopbop/p/prod/products/leles/leles3133310366/leles3133310366_1764689142253_2-0._QL90_UX1128_.jpg,One Size
